order_item_id,order_id,order_date,order_month,order_year,status,is_completed,customer_id,country,signup_date,product_id,product_name,category,quantity,price,revenue
1,508,2024-10-14,2024-10-01,2024,Cancelled,False,170,Morocco,2023-09-07,48,Product_48,Hair,3,108,324
2,290,2024-08-26,2024-08-01,2024,Completed,True,256,Germany,2023-06-03,18,Product_18,Makeup,2,93,186
3,295,2024-06-25,2024-06-01,2024,Completed,True,54,Morocco,2023-06-12,16,Product_16,Makeup,2,27,54
4,451,2024-04-22,2024-04-01,2024,Completed,True,152,Morocco,2023-09-15,39,Product_39,Hair,2,54,108
5,904,2024-10-08,2024-10-01,2024,Completed,True,159,France,2023-02-07,4,Product_4,Body,4,117,468
6,215,2024-12-04,2024-12-01,2024,Completed,True,60,Spain,2024-04-15,25,Product_25,Hair,2,100,200
7,974,2024-02-16,2024-02-01,2024,Completed,True,152,Morocco,2023-09-15,32,Product_32,Body,5,68,340
8,632,2024-11-13,2024-11-01,2024,Cancelled,False,95,Spain,2023-11-23,40,Product_40,Hair,1,71,71
9,894,2024-08-11,2024-08-01,2024,Completed,True,97,Spain,2023-12-17,13,Product_13,Skin,4,68,272
10,567,2024-03-12,2024-03-01,2024,Completed,True,272,Italy,2023-05-21,45,Product_45,Body,2,58,116
11,27,2024-12-14,2024-12-01,2024,Completed,True,271,France,2023-08-29,17,Product_17,Hair,1,109,109
12,630,2024-06-26,2024-06-01,2024,Completed,True,288,France,2024-02-20,49,Product_49,Makeup,3,72,216
13,733,2024-01-14,2024-01-01,2024,Completed,True,216,Italy,2023-01-08,37,Product_37,Makeup,2,96,192
14,231,2024-09-22,2024-09-01,2024,Completed,True,116,France,2023-07-16,6,Product_6,Body,1,41,41
15,565,2024-04-26,2024-04-01,2024,Completed,True,12,France,2024-03-11,19,Product_19,Makeup,5,19,95
16,807,2024-11-01,2024-11-01,2024,Completed,True,203,Spain,2024-01-12,13,Product_13,Skin,3,20,60
17,321,2024-07-17,2024-07-01,2024,Completed,True,288,France,2024-02-20,26,Product_26,Makeup,5,111,555
18,913,2024-10-30,2024-10-01,2024,Completed,True,47,Italy,2024-01-16,14,Product_14,Body,1,79,79
19,233,2024-07-17,2024-07-01,2024,Completed,True,113,Spain,2024-04-12,31,Product_31,Body,5,114,570
20,670,2024-02-06,2024-02-01,2024,Completed,True,69,Germany,2024-02-13,4,Product_4,Body,1,71,71
21,437,2024-12-28,2024-12-01,2024,Returned,False,105,France,2023-03-08,39,Product_39,Hair,1,56,56
22,781,2024-09-07,2024-09-01,2024,Completed,True,289,Italy,2023-05-28,8,Product_8,Body,5,43,215
23,533,2024-09-30,2024-09-01,2024,Completed,True,220,France,2024-01-29,25,Product_25,Hair,1,109,109
24,403,2024-02-09,2024-02-01,2024,Completed,True,223,Spain,2023-12-15,13,Product_13,Skin,2,110,220
25,53,2024-08-10,2024-08-01,2024,Completed,True,191,Italy,2024-04-19,32,Product_32,Body,1,26,26
26,787,2024-10-11,2024-10-01,2024,Completed,True,4,France,2023-01-03,38,Product_38,Makeup,4,113,452
27,313,2024-11-14,2024-11-01,2024,Completed,True,13,Italy,2024-02-10,38,Product_38,Makeup,1,113,113
28,281,2024-02-08,2024-02-01,2024,Completed,True,280,Italy,2023-01-31,28,Product_28,Hair,4,63,252
29,726,2024-01-02,2024-01-01,2024,Completed,True,207,Germany,2023-03-18,30,Product_30,Hair,1,85,85
30,31,2024-09-03,2024-09-01,2024,Completed,True,55,Italy,2024-05-04,3,Product_3,Hair,1,94,94
31,337,2024-09-15,2024-09-01,2024,Completed,True,53,France,2023-11-04,28,Product_28,Hair,5,49,245
32,183,2024-03-13,2024-03-01,2024,Completed,True,247,Spain,2024-05-12,3,Product_3,Hair,2,28,56
33,23,2024-03-27,2024-03-01,2024,Completed,True,49,Spain,2024-01-28,45,Product_45,Body,2,76,152
34,544,2024-01-27,2024-01-01,2024,Returned,False,173,Morocco,2024-04-28,34,Product_34,Hair,3,91,273
35,446,2024-10-21,2024-10-01,2024,Completed,True,227,Spain,2023-09-21,16,Product_16,Makeup,5,62,310
36,74,2024-01-20,2024-01-01,2024,Returned,False,15,Morocco,2023-09-01,22,Product_22,Makeup,5,73,365
37,10,2024-04-22,2024-04-01,2024,Completed,True,88,Italy,2023-12-09,32,Product_32,Body,2,92,184
38,484,2024-09-26,2024-09-01,2024,Completed,True,57,Italy,2023-11-03,38,Product_38,Makeup,5,56,280
39,456,2024-12-19,2024-12-01,2024,Completed,True,268,France,2023-05-10,8,Product_8,Body,2,15,30
40,566,2024-12-09,2024-12-01,2024,Completed,True,224,France,2023-06-12,8,Product_8,Body,5,25,125
41,564,2024-08-01,2024-08-01,2024,Completed,True,144,France,2023-06-22,6,Product_6,Body,1,81,81
42,660,2024-08-08,2024-08-01,2024,Completed,True,30,Germany,2023-04-17,14,Product_14,Body,2,27,54
43,160,2024-07-05,2024-07-01,2024,Completed,True,113,Spain,2024-04-12,32,Product_32,Body,2,61,122
44,882,2024-12-09,2024-12-01,2024,Completed,True,198,Germany,2023-05-02,35,Product_35,Skin,4,57,228
45,14,2024-11-14,2024-11-01,2024,Completed,True,150,Morocco,2024-02-07,10,Product_10,Hair,5,52,260
46,178,2024-08-31,2024-08-01,2024,Completed,True,53,France,2023-11-04,3,Product_3,Hair,5,48,240
47,412,2024-04-01,2024-04-01,2024,Completed,True,258,Morocco,2023-10-06,12,Product_12,Skin,2,58,116
48,878,2024-12-04,2024-12-01,2024,Cancelled,False,225,Morocco,2023-03-02,49,Product_49,Makeup,1,21,21
49,53,2024-08-10,2024-08-01,2024,Completed,True,191,Italy,2024-04-19,31,Product_31,Body,1,118,118
50,408,2024-08-03,2024-08-01,2024,Completed,True,4,France,2023-01-03,29,Product_29,Makeup,1,19,19
51,847,2024-10-15,2024-10-01,2024,Completed,True,35,Spain,2023-11-14,5,Product_5,Skin,5,80,400
52,22,2024-06-10,2024-06-01,2024,Completed,True,236,Morocco,2023-01-02,25,Product_25,Hair,4,119,476
53,30,2024-11-08,2024-11-01,2024,Completed,True,51,Germany,2024-02-03,41,Product_41,Skin,2,64,128
54,703,2024-11-30,2024-11-01,2024,Completed,True,12,France,2024-03-11,31,Product_31,Body,3,10,30
55,260,2024-07-01,2024-07-01,2024,Completed,True,283,Italy,2023-01-21,21,Product_21,Hair,4,58,232
56,205,2024-10-31,2024-10-01,2024,Completed,True,39,Morocco,2024-02-15,20,Product_20,Hair,3,45,135
57,59,2024-05-30,2024-05-01,2024,Completed,True,271,France,2023-08-29,39,Product_39,Hair,4,30,120
58,471,2024-07-14,2024-07-01,2024,Completed,True,76,Spain,2023-02-07,22,Product_22,Makeup,1,46,46
59,776,2024-02-13,2024-02-01,2024,Completed,True,6,Italy,2023-07-13,4,Product_4,Body,5,33,165
60,466,2024-02-29,2024-02-01,2024,Completed,True,187,Morocco,2024-02-14,13,Product_13,Skin,3,64,192
61,12,2024-08-09,2024-08-01,2024,Completed,True,152,Morocco,2023-09-15,45,Product_45,Body,4,34,136
62,631,2024-12-13,2024-12-01,2024,Completed,True,34,Morocco,2024-01-03,42,Product_42,Skin,5,16,80
63,927,2024-04-26,2024-04-01,2024,Completed,True,38,Morocco,2024-05-03,50,Product_50,Skin,3,115,345
64,974,2024-02-16,2024-02-01,2024,Completed,True,152,Morocco,2023-09-15,49,Product_49,Makeup,2,90,180
65,290,2024-08-26,2024-08-01,2024,Completed,True,256,Germany,2023-06-03,20,Product_20,Hair,4,102,408
66,850,2024-10-13,2024-10-01,2024,Returned,False,60,Spain,2024-04-15,13,Product_13,Skin,2,103,206
67,760,2024-09-13,2024-09-01,2024,Returned,False,25,Italy,2023-01-31,17,Product_17,Hair,1,80,80
68,354,2024-08-03,2024-08-01,2024,Completed,True,92,Spain,2023-09-01,36,Product_36,Skin,2,106,212
69,639,2024-07-26,2024-07-01,2024,Completed,True,259,Spain,2024-03-15,33,Product_33,Hair,2,80,160
70,75,2024-09-17,2024-09-01,2024,Completed,True,65,France,2023-08-31,1,Product_1,Body,4,33,132
71,873,2024-05-11,2024-05-01,2024,Completed,True,23,Spain,2023-04-02,15,Product_15,Makeup,1,20,20
72,716,2024-08-12,2024-08-01,2024,Completed,True,107,Italy,2024-01-05,13,Product_13,Skin,2,82,164
73,561,2024-01-09,2024-01-01,2024,Completed,True,1,Spain,2023-05-15,17,Product_17,Hair,5,21,105
74,591,2024-06-08,2024-06-01,2024,Completed,True,197,Italy,2023-09-08,24,Product_24,Hair,3,44,132
75,441,2024-12-21,2024-12-01,2024,Completed,True,217,Italy,2023-02-01,8,Product_8,Body,2,72,144
76,991,2024-06-02,2024-06-01,2024,Completed,True,189,Germany,2023-06-03,50,Product_50,Skin,1,77,77
77,241,2024-05-16,2024-05-01,2024,Completed,True,163,Spain,2023-07-27,27,Product_27,Makeup,2,109,218
78,861,2024-06-09,2024-06-01,2024,Completed,True,132,Germany,2023-10-07,45,Product_45,Body,3,101,303
79,154,2024-05-28,2024-05-01,2024,Completed,True,172,Italy,2023-07-18,23,Product_23,Body,1,66,66
80,786,2024-10-08,2024-10-01,2024,Returned,False,112,Germany,2024-04-25,46,Product_46,Makeup,4,22,88
81,96,2024-01-14,2024-01-01,2024,Completed,True,99,Italy,2024-01-09,8,Product_8,Body,1,32,32
82,726,2024-01-02,2024-01-01,2024,Completed,True,207,Germany,2023-03-18,8,Product_8,Body,4,92,368
83,294,2024-03-05,2024-03-01,2024,Completed,True,223,Spain,2023-12-15,26,Product_26,Makeup,1,115,115
84,209,2024-11-06,2024-11-01,2024,Completed,True,298,Morocco,2023-12-06,47,Product_47,Hair,3,110,330
85,343,2024-08-02,2024-08-01,2024,Completed,True,262,Morocco,2023-10-03,13,Product_13,Skin,3,48,144
86,88,2024-04-29,2024-04-01,2024,Completed,True,135,France,2023-09-23,39,Product_39,Hair,1,97,97
87,818,2024-10-27,2024-10-01,2024,Completed,True,140,Morocco,2024-02-05,37,Product_37,Makeup,2,89,178
88,776,2024-02-13,2024-02-01,2024,Completed,True,6,Italy,2023-07-13,49,Product_49,Makeup,3,106,318
89,937,2024-10-01,2024-10-01,2024,Completed,True,171,Italy,2023-07-09,28,Product_28,Hair,4,21,84
90,390,2024-03-21,2024-03-01,2024,Returned,False,218,Germany,2024-04-12,25,Product_25,Hair,4,43,172
91,325,2024-03-12,2024-03-01,2024,Completed,True,186,Germany,2023-01-29,16,Product_16,Makeup,5,80,400
92,940,2024-02-21,2024-02-01,2024,Completed,True,127,Italy,2023-01-29,2,Product_2,Skin,4,84,336
93,889,2024-07-17,2024-07-01,2024,Completed,True,157,Morocco,2024-04-07,18,Product_18,Makeup,5,40,200
94,832,2024-10-16,2024-10-01,2024,Completed,True,172,Italy,2023-07-18,17,Product_17,Hair,1,102,102
95,157,2024-01-11,2024-01-01,2024,Completed,True,96,Germany,2024-01-31,30,Product_30,Hair,1,71,71
96,668,2024-07-29,2024-07-01,2024,Cancelled,False,184,France,2024-04-21,39,Product_39,Hair,1,22,22
97,651,2024-01-25,2024-01-01,2024,Cancelled,False,103,Italy,2023-03-22,13,Product_13,Skin,2,40,80
98,633,2024-03-24,2024-03-01,2024,Completed,True,72,France,2023-10-30,32,Product_32,Body,2,11,22
99,577,2024-06-14,2024-06-01,2024,Completed,True,220,France,2024-01-29,50,Product_50,Skin,5,112,560
100,619,2024-11-12,2024-11-01,2024,Completed,True,165,Italy,2023-04-05,29,Product_29,Makeup,4,24,96
101,659,2024-06-21,2024-06-01,2024,Completed,True,166,Morocco,2023-12-14,46,Product_46,Makeup,4,66,264
102,137,2024-09-24,2024-09-01,2024,Completed,True,108,Italy,2023-06-04,30,Product_30,Hair,1,84,84
103,923,2024-01-21,2024-01-01,2024,Completed,True,69,Germany,2024-02-13,18,Product_18,Makeup,3,43,129
104,674,2024-02-28,2024-02-01,2024,Completed,True,205,Morocco,2023-10-24,13,Product_13,Skin,2,112,224
105,428,2024-01-07,2024-01-01,2024,Completed,True,253,Morocco,2023-05-19,43,Product_43,Hair,2,77,154
106,452,2024-08-20,2024-08-01,2024,Cancelled,False,151,Germany,2023-06-06,21,Product_21,Hair,1,84,84
107,612,2024-03-30,2024-03-01,2024,Completed,True,99,Italy,2024-01-09,30,Product_30,Hair,2,38,76
108,850,2024-10-13,2024-10-01,2024,Returned,False,60,Spain,2024-04-15,21,Product_21,Hair,1,75,75
109,911,2024-01-12,2024-01-01,2024,Completed,True,261,Morocco,2023-10-31,48,Product_48,Hair,5,25,125
110,819,2024-11-03,2024-11-01,2024,Completed,True,47,Italy,2024-01-16,17,Product_17,Hair,4,48,192
111,141,2024-07-08,2024-07-01,2024,Completed,True,231,Morocco,2024-02-18,40,Product_40,Hair,3,86,258
112,83,2024-12-29,2024-12-01,2024,Completed,True,289,Italy,2023-05-28,19,Product_19,Makeup,4,46,184
113,177,2024-08-14,2024-08-01,2024,Completed,True,130,Spain,2023-07-26,15,Product_15,Makeup,4,90,360
114,198,2024-06-20,2024-06-01,2024,Completed,True,259,Spain,2024-03-15,9,Product_9,Makeup,5,30,150
115,624,2024-12-24,2024-12-01,2024,Completed,True,78,Spain,2023-07-14,10,Product_10,Hair,2,53,106
116,568,2024-03-04,2024-03-01,2024,Completed,True,156,Italy,2023-06-03,44,Product_44,Body,3,28,84
117,972,2024-06-21,2024-06-01,2024,Completed,True,179,Spain,2023-05-08,31,Product_31,Body,2,80,160
118,691,2024-12-29,2024-12-01,2024,Completed,True,160,France,2023-05-11,23,Product_23,Body,4,111,444
119,421,2024-12-10,2024-12-01,2024,Completed,True,65,France,2023-08-31,30,Product_30,Hair,1,17,17
120,401,2024-02-09,2024-02-01,2024,Completed,True,290,Germany,2024-04-02,33,Product_33,Hair,4,86,344
121,698,2024-09-06,2024-09-01,2024,Completed,True,170,Morocco,2023-09-07,9,Product_9,Makeup,2,110,220
122,471,2024-07-14,2024-07-01,2024,Completed,True,76,Spain,2023-02-07,47,Product_47,Hair,4,75,300
123,218,2024-03-21,2024-03-01,2024,Completed,True,140,Morocco,2024-02-05,1,Product_1,Body,1,50,50
124,925,2024-12-01,2024-12-01,2024,Completed,True,11,Morocco,2024-01-03,44,Product_44,Body,5,84,420
125,929,2024-10-07,2024-10-01,2024,Completed,True,200,Germany,2023-09-20,35,Product_35,Skin,2,97,194
126,828,2024-12-23,2024-12-01,2024,Completed,True,178,France,2023-11-20,11,Product_11,Makeup,4,79,316
127,987,2024-03-12,2024-03-01,2024,Cancelled,False,177,Spain,2024-02-27,34,Product_34,Hair,2,70,140
128,729,2024-02-10,2024-02-01,2024,Completed,True,214,Italy,2023-04-01,16,Product_16,Makeup,5,35,175
129,632,2024-11-13,2024-11-01,2024,Cancelled,False,95,Spain,2023-11-23,9,Product_9,Makeup,4,80,320
130,951,2024-01-02,2024-01-01,2024,Completed,True,101,Germany,2024-01-10,32,Product_32,Body,4,112,448
131,906,2024-10-30,2024-10-01,2024,Returned,False,216,Italy,2023-01-08,15,Product_15,Makeup,2,92,184
132,175,2024-08-26,2024-08-01,2024,Cancelled,False,225,Morocco,2023-03-02,12,Product_12,Skin,2,79,158
133,23,2024-03-27,2024-03-01,2024,Completed,True,49,Spain,2024-01-28,33,Product_33,Hair,1,116,116
134,725,2024-11-29,2024-11-01,2024,Completed,True,180,Italy,2023-04-03,45,Product_45,Body,5,38,190
135,917,2024-09-27,2024-09-01,2024,Returned,False,115,Italy,2023-12-22,14,Product_14,Body,1,116,116
136,235,2024-03-26,2024-03-01,2024,Returned,False,254,Germany,2023-08-09,8,Product_8,Body,4,112,448
137,13,2024-06-14,2024-06-01,2024,Completed,True,131,Spain,2024-04-08,8,Product_8,Body,2,75,150
138,101,2024-12-24,2024-12-01,2024,Completed,True,101,Germany,2024-01-10,27,Product_27,Makeup,4,28,112
139,929,2024-10-07,2024-10-01,2024,Completed,True,200,Germany,2023-09-20,12,Product_12,Skin,4,77,308
140,536,2024-01-27,2024-01-01,2024,Completed,True,148,Morocco,2024-04-02,1,Product_1,Body,3,67,201
141,876,2024-03-22,2024-03-01,2024,Completed,True,153,Germany,2023-06-13,43,Product_43,Hair,3,79,237
142,523,2024-05-26,2024-05-01,2024,Cancelled,False,182,Italy,2023-05-13,40,Product_40,Hair,4,66,264
143,785,2024-01-20,2024-01-01,2024,Completed,True,70,Morocco,2023-08-03,42,Product_42,Skin,2,46,92
144,452,2024-08-20,2024-08-01,2024,Cancelled,False,151,Germany,2023-06-06,11,Product_11,Makeup,4,70,280
145,431,2024-02-14,2024-02-01,2024,Returned,False,215,Germany,2024-02-15,39,Product_39,Hair,3,101,303
146,793,2024-02-28,2024-02-01,2024,Completed,True,31,Italy,2023-05-26,43,Product_43,Hair,2,39,78
147,606,2024-04-25,2024-04-01,2024,Completed,True,63,Spain,2024-03-03,31,Product_31,Body,4,80,320
148,713,2024-01-18,2024-01-01,2024,Completed,True,214,Italy,2023-04-01,17,Product_17,Hair,5,82,410
149,533,2024-09-30,2024-09-01,2024,Completed,True,220,France,2024-01-29,33,Product_33,Hair,5,34,170
150,852,2024-02-22,2024-02-01,2024,Completed,True,229,France,2023-04-05,32,Product_32,Body,4,106,424
151,979,2024-08-07,2024-08-01,2024,Completed,True,177,Spain,2024-02-27,29,Product_29,Makeup,2,74,148
152,723,2024-10-24,2024-10-01,2024,Completed,True,113,Spain,2024-04-12,21,Product_21,Hair,4,15,60
153,652,2024-10-27,2024-10-01,2024,Completed,True,192,Italy,2023-08-10,21,Product_21,Hair,4,27,108
154,293,2024-12-05,2024-12-01,2024,Cancelled,False,281,France,2023-05-18,40,Product_40,Hair,3,19,57
155,810,2024-02-08,2024-02-01,2024,Completed,True,300,Spain,2023-05-05,23,Product_23,Body,5,101,505
156,913,2024-10-30,2024-10-01,2024,Completed,True,47,Italy,2024-01-16,6,Product_6,Body,3,20,60
157,101,2024-12-24,2024-12-01,2024,Completed,True,101,Germany,2024-01-10,22,Product_22,Makeup,3,106,318
158,502,2024-04-08,2024-04-01,2024,Completed,True,253,Morocco,2023-05-19,50,Product_50,Skin,4,74,296
159,304,2024-03-13,2024-03-01,2024,Completed,True,273,Germany,2023-08-16,38,Product_38,Makeup,3,86,258
160,871,2024-04-07,2024-04-01,2024,Completed,True,179,Spain,2023-05-08,37,Product_37,Makeup,5,110,550
161,540,2024-04-02,2024-04-01,2024,Completed,True,117,Spain,2024-04-15,45,Product_45,Body,3,93,279
162,553,2024-01-15,2024-01-01,2024,Completed,True,164,Germany,2024-03-25,8,Product_8,Body,5,74,370
163,355,2024-01-03,2024-01-01,2024,Completed,True,58,Morocco,2023-12-05,41,Product_41,Skin,3,61,183
164,303,2024-07-11,2024-07-01,2024,Completed,True,155,France,2024-01-26,49,Product_49,Makeup,5,76,380
165,496,2024-03-19,2024-03-01,2024,Completed,True,235,France,2023-09-24,35,Product_35,Skin,3,91,273
166,658,2024-12-21,2024-12-01,2024,Completed,True,249,Italy,2023-06-02,11,Product_11,Makeup,3,114,342
167,768,2024-10-10,2024-10-01,2024,Completed,True,111,France,2023-06-17,24,Product_24,Hair,2,87,174
168,974,2024-02-16,2024-02-01,2024,Completed,True,152,Morocco,2023-09-15,49,Product_49,Makeup,5,40,200
169,227,2024-12-30,2024-12-01,2024,Completed,True,152,Morocco,2023-09-15,21,Product_21,Hair,5,100,500
170,236,2024-09-06,2024-09-01,2024,Completed,True,227,Spain,2023-09-21,2,Product_2,Skin,5,26,130
171,873,2024-05-11,2024-05-01,2024,Completed,True,23,Spain,2023-04-02,40,Product_40,Hair,1,64,64
172,892,2024-04-02,2024-04-01,2024,Completed,True,157,Morocco,2024-04-07,19,Product_19,Makeup,3,119,357
173,455,2024-08-10,2024-08-01,2024,Returned,False,37,Italy,2023-08-29,39,Product_39,Hair,5,102,510
174,13,2024-06-14,2024-06-01,2024,Completed,True,131,Spain,2024-04-08,28,Product_28,Hair,1,45,45
175,210,2024-10-29,2024-10-01,2024,Completed,True,99,Italy,2024-01-09,17,Product_17,Hair,2,110,220
176,741,2024-01-28,2024-01-01,2024,Completed,True,239,Spain,2023-07-13,6,Product_6,Body,5,35,175
177,397,2024-04-24,2024-04-01,2024,Cancelled,False,250,Germany,2023-06-07,19,Product_19,Makeup,5,62,310
178,100,2024-10-07,2024-10-01,2024,Cancelled,False,227,Spain,2023-09-21,38,Product_38,Makeup,1,26,26
179,31,2024-09-03,2024-09-01,2024,Completed,True,55,Italy,2024-05-04,28,Product_28,Hair,3,95,285
180,898,2024-12-20,2024-12-01,2024,Completed,True,86,Morocco,2024-02-17,2,Product_2,Skin,2,34,68
181,528,2024-06-11,2024-06-01,2024,Completed,True,39,Morocco,2024-02-15,38,Product_38,Makeup,5,11,55
182,649,2024-03-27,2024-03-01,2024,Completed,True,66,Spain,2023-12-15,37,Product_37,Makeup,3,95,285
183,329,2024-11-05,2024-11-01,2024,Completed,True,150,Morocco,2024-02-07,4,Product_4,Body,2,14,28
184,166,2024-02-24,2024-02-01,2024,Completed,True,113,Spain,2024-04-12,22,Product_22,Makeup,4,13,52
185,459,2024-12-30,2024-12-01,2024,Completed,True,279,Spain,2024-01-25,26,Product_26,Makeup,4,45,180
186,822,2024-01-08,2024-01-01,2024,Completed,True,142,Germany,2024-03-15,49,Product_49,Makeup,2,15,30
187,952,2024-03-17,2024-03-01,2024,Completed,True,110,Spain,2023-04-21,43,Product_43,Hair,1,30,30
188,982,2024-09-27,2024-09-01,2024,Completed,True,150,Morocco,2024-02-07,36,Product_36,Skin,2,86,172
189,993,2024-10-19,2024-10-01,2024,Completed,True,257,Italy,2023-09-06,13,Product_13,Skin,2,110,220
190,100,2024-10-07,2024-10-01,2024,Cancelled,False,227,Spain,2023-09-21,32,Product_32,Body,1,98,98
191,621,2024-01-09,2024-01-01,2024,Cancelled,False,83,Italy,2023-02-18,17,Product_17,Hair,1,35,35
192,855,2024-12-26,2024-12-01,2024,Completed,True,291,Morocco,2023-01-29,41,Product_41,Skin,3,64,192
193,173,2024-09-06,2024-09-01,2024,Completed,True,54,Morocco,2023-06-12,36,Product_36,Skin,3,48,144
194,749,2024-10-13,2024-10-01,2024,Returned,False,202,Spain,2023-02-18,46,Product_46,Makeup,1,93,93
195,162,2024-08-19,2024-08-01,2024,Returned,False,268,France,2023-05-10,19,Product_19,Makeup,4,42,168
196,905,2024-11-23,2024-11-01,2024,Completed,True,228,Germany,2023-10-12,35,Product_35,Skin,4,23,92
197,728,2024-11-20,2024-11-01,2024,Completed,True,56,Italy,2023-04-07,46,Product_46,Makeup,2,65,130
198,776,2024-02-13,2024-02-01,2024,Completed,True,6,Italy,2023-07-13,40,Product_40,Hair,5,109,545
199,263,2024-01-15,2024-01-01,2024,Completed,True,277,Germany,2023-07-19,28,Product_28,Hair,2,90,180
200,804,2024-10-25,2024-10-01,2024,Completed,True,94,Germany,2024-04-25,1,Product_1,Body,2,30,60
201,274,2024-09-07,2024-09-01,2024,Completed,True,220,France,2024-01-29,42,Product_42,Skin,5,55,275
202,3,2024-05-23,2024-05-01,2024,Completed,True,107,Italy,2024-01-05,18,Product_18,Makeup,1,25,25
203,28,2024-01-08,2024-01-01,2024,Completed,True,190,Spain,2023-10-20,48,Product_48,Hair,4,119,476
204,326,2024-05-27,2024-05-01,2024,Completed,True,63,Spain,2024-03-03,40,Product_40,Hair,2,25,50
205,940,2024-02-21,2024-02-01,2024,Completed,True,127,Italy,2023-01-29,33,Product_33,Hair,5,93,465
206,149,2024-11-02,2024-11-01,2024,Completed,True,198,Germany,2023-05-02,12,Product_12,Skin,3,38,114
207,540,2024-04-02,2024-04-01,2024,Completed,True,117,Spain,2024-04-15,8,Product_8,Body,2,101,202
208,488,2024-07-22,2024-07-01,2024,Returned,False,42,Italy,2024-01-07,24,Product_24,Hair,4,17,68
209,822,2024-01-08,2024-01-01,2024,Completed,True,142,Germany,2024-03-15,16,Product_16,Makeup,1,97,97
210,438,2024-06-06,2024-06-01,2024,Completed,True,196,Spain,2023-09-16,50,Product_50,Skin,2,12,24
211,65,2024-07-06,2024-07-01,2024,Completed,True,208,Morocco,2024-04-07,4,Product_4,Body,2,98,196
212,356,2024-06-08,2024-06-01,2024,Completed,True,229,France,2023-04-05,38,Product_38,Makeup,5,28,140
213,533,2024-09-30,2024-09-01,2024,Completed,True,220,France,2024-01-29,44,Product_44,Body,3,106,318
214,252,2024-05-31,2024-05-01,2024,Completed,True,176,France,2023-09-01,27,Product_27,Makeup,3,75,225
215,235,2024-03-26,2024-03-01,2024,Returned,False,254,Germany,2023-08-09,9,Product_9,Makeup,1,88,88
216,227,2024-12-30,2024-12-01,2024,Completed,True,152,Morocco,2023-09-15,47,Product_47,Hair,4,95,380
217,525,2024-02-27,2024-02-01,2024,Completed,True,91,Italy,2023-12-15,16,Product_16,Makeup,1,83,83
218,313,2024-11-14,2024-11-01,2024,Completed,True,13,Italy,2024-02-10,12,Product_12,Skin,2,91,182
219,49,2024-04-29,2024-04-01,2024,Completed,True,2,Italy,2023-02-10,31,Product_31,Body,2,31,62
220,118,2024-02-11,2024-02-01,2024,Cancelled,False,231,Morocco,2024-02-18,24,Product_24,Hair,3,55,165
221,54,2024-11-06,2024-11-01,2024,Completed,True,218,Germany,2024-04-12,14,Product_14,Body,4,100,400
222,650,2024-01-12,2024-01-01,2024,Completed,True,75,Spain,2023-07-03,45,Product_45,Body,5,22,110
223,565,2024-04-26,2024-04-01,2024,Completed,True,12,France,2024-03-11,25,Product_25,Hair,4,42,168
224,44,2024-10-17,2024-10-01,2024,Completed,True,264,France,2023-01-02,34,Product_34,Hair,2,14,28
225,815,2024-12-05,2024-12-01,2024,Cancelled,False,225,Morocco,2023-03-02,3,Product_3,Hair,5,99,495
226,53,2024-08-10,2024-08-01,2024,Completed,True,191,Italy,2024-04-19,24,Product_24,Hair,4,86,344
227,586,2024-06-27,2024-06-01,2024,Completed,True,46,Italy,2023-12-25,42,Product_42,Skin,4,36,144
228,558,2024-08-23,2024-08-01,2024,Completed,True,233,Spain,2023-05-29,9,Product_9,Makeup,5,87,435
229,525,2024-02-27,2024-02-01,2024,Completed,True,91,Italy,2023-12-15,26,Product_26,Makeup,2,33,66
230,677,2024-08-30,2024-08-01,2024,Completed,True,43,France,2023-06-22,20,Product_20,Hair,4,76,304
231,102,2024-07-19,2024-07-01,2024,Returned,False,131,Spain,2024-04-08,40,Product_40,Hair,5,72,360
232,792,2024-09-01,2024-09-01,2024,Completed,True,243,France,2024-03-10,10,Product_10,Hair,2,103,206
233,770,2024-04-16,2024-04-01,2024,Completed,True,111,France,2023-06-17,19,Product_19,Makeup,5,108,540
234,982,2024-09-27,2024-09-01,2024,Completed,True,150,Morocco,2024-02-07,3,Product_3,Hair,5,57,285
235,849,2024-05-26,2024-05-01,2024,Completed,True,296,France,2023-06-11,24,Product_24,Hair,4,72,288
236,868,2024-03-17,2024-03-01,2024,Completed,True,104,Spain,2023-02-05,5,Product_5,Skin,2,87,174
237,398,2024-07-04,2024-07-01,2024,Completed,True,10,Italy,2024-01-05,3,Product_3,Hair,4,21,84
238,138,2024-08-24,2024-08-01,2024,Completed,True,44,France,2023-02-04,27,Product_27,Makeup,1,37,37
239,675,2024-05-10,2024-05-01,2024,Completed,True,126,France,2023-07-24,16,Product_16,Makeup,1,53,53
240,921,2024-10-28,2024-10-01,2024,Completed,True,299,France,2023-03-02,49,Product_49,Makeup,2,102,204
241,387,2024-11-11,2024-11-01,2024,Completed,True,94,Germany,2024-04-25,15,Product_15,Makeup,5,52,260
242,111,2024-08-02,2024-08-01,2024,Completed,True,179,Spain,2023-05-08,35,Product_35,Skin,4,26,104
243,614,2024-05-01,2024-05-01,2024,Completed,True,197,Italy,2023-09-08,12,Product_12,Skin,4,49,196
244,17,2024-02-24,2024-02-01,2024,Completed,True,192,Italy,2023-08-10,41,Product_41,Skin,2,58,116
245,780,2024-04-17,2024-04-01,2024,Completed,True,229,France,2023-04-05,44,Product_44,Body,2,94,188
246,182,2024-06-02,2024-06-01,2024,Completed,True,198,Germany,2023-05-02,26,Product_26,Makeup,1,66,66
247,884,2024-03-29,2024-03-01,2024,Completed,True,67,Spain,2023-03-29,47,Product_47,Hair,3,96,288
248,536,2024-01-27,2024-01-01,2024,Completed,True,148,Morocco,2024-04-02,34,Product_34,Hair,2,93,186
249,541,2024-11-04,2024-11-01,2024,Cancelled,False,134,Italy,2023-08-28,23,Product_23,Body,3,73,219
250,171,2024-11-07,2024-11-01,2024,Completed,True,130,Spain,2023-07-26,31,Product_31,Body,2,84,168
251,409,2024-05-26,2024-05-01,2024,Completed,True,16,Germany,2024-01-25,50,Product_50,Skin,5,66,330
252,740,2024-12-10,2024-12-01,2024,Completed,True,238,Spain,2024-02-29,20,Product_20,Hair,5,107,535
253,378,2024-09-17,2024-09-01,2024,Completed,True,76,Spain,2023-02-07,12,Product_12,Skin,1,83,83
254,188,2024-08-04,2024-08-01,2024,Completed,True,294,France,2024-01-06,23,Product_23,Body,1,83,83
255,858,2024-07-10,2024-07-01,2024,Completed,True,5,Italy,2024-02-05,4,Product_4,Body,3,116,348
256,230,2024-10-14,2024-10-01,2024,Completed,True,161,Germany,2023-12-24,23,Product_23,Body,2,79,158
257,833,2024-07-11,2024-07-01,2024,Completed,True,13,Italy,2024-02-10,48,Product_48,Hair,4,109,436
258,852,2024-02-22,2024-02-01,2024,Completed,True,229,France,2023-04-05,48,Product_48,Hair,1,97,97
259,119,2024-12-21,2024-12-01,2024,Completed,True,237,Italy,2023-06-27,1,Product_1,Body,4,85,340
260,156,2024-10-22,2024-10-01,2024,Completed,True,160,France,2023-05-11,25,Product_25,Hair,4,52,208
261,784,2024-10-19,2024-10-01,2024,Completed,True,198,Germany,2023-05-02,2,Product_2,Skin,2,32,64
262,687,2024-01-24,2024-01-01,2024,Completed,True,195,Spain,2023-06-07,30,Product_30,Hair,3,36,108
263,465,2024-11-14,2024-11-01,2024,Completed,True,217,Italy,2023-02-01,3,Product_3,Hair,2,67,134
264,104,2024-10-04,2024-10-01,2024,Cancelled,False,5,Italy,2024-02-05,21,Product_21,Hair,1,118,118
265,604,2024-08-20,2024-08-01,2024,Completed,True,267,Spain,2024-02-15,25,Product_25,Hair,4,46,184
266,698,2024-09-06,2024-09-01,2024,Completed,True,170,Morocco,2023-09-07,20,Product_20,Hair,2,15,30
267,972,2024-06-21,2024-06-01,2024,Completed,True,179,Spain,2023-05-08,49,Product_49,Makeup,2,74,148
268,795,2024-06-09,2024-06-01,2024,Completed,True,229,France,2023-04-05,22,Product_22,Makeup,2,15,30
269,502,2024-04-08,2024-04-01,2024,Completed,True,253,Morocco,2023-05-19,21,Product_21,Hair,1,59,59
270,693,2024-05-31,2024-05-01,2024,Completed,True,122,Germany,2023-06-10,33,Product_33,Hair,3,31,93
271,682,2024-11-27,2024-11-01,2024,Cancelled,False,183,Italy,2023-02-24,38,Product_38,Makeup,2,114,228
272,699,2024-04-26,2024-04-01,2024,Completed,True,22,Italy,2023-08-04,15,Product_15,Makeup,1,97,97
273,175,2024-08-26,2024-08-01,2024,Cancelled,False,225,Morocco,2023-03-02,46,Product_46,Makeup,4,34,136
274,734,2024-08-18,2024-08-01,2024,Completed,True,154,Morocco,2023-05-27,15,Product_15,Makeup,5,88,440
275,745,2024-09-17,2024-09-01,2024,Completed,True,15,Morocco,2023-09-01,46,Product_46,Makeup,1,99,99
276,674,2024-02-28,2024-02-01,2024,Completed,True,205,Morocco,2023-10-24,25,Product_25,Hair,5,81,405
277,421,2024-12-10,2024-12-01,2024,Completed,True,65,France,2023-08-31,21,Product_21,Hair,2,60,120
278,134,2024-08-06,2024-08-01,2024,Completed,True,134,Italy,2023-08-28,24,Product_24,Hair,2,97,194
279,391,2024-04-23,2024-04-01,2024,Completed,True,39,Morocco,2024-02-15,5,Product_5,Skin,1,57,57
280,992,2024-12-12,2024-12-01,2024,Completed,True,49,Spain,2024-01-28,6,Product_6,Body,5,111,555
281,736,2024-05-09,2024-05-01,2024,Completed,True,187,Morocco,2024-02-14,49,Product_49,Makeup,2,79,158
282,501,2024-01-04,2024-01-01,2024,Completed,True,74,Morocco,2023-08-23,43,Product_43,Hair,4,108,432
283,665,2024-11-02,2024-11-01,2024,Completed,True,133,Germany,2023-05-31,48,Product_48,Hair,3,115,345
284,33,2024-09-11,2024-09-01,2024,Completed,True,131,Spain,2024-04-08,44,Product_44,Body,3,74,222
285,55,2024-01-07,2024-01-01,2024,Completed,True,44,France,2023-02-04,47,Product_47,Hair,2,69,138
286,954,2024-03-30,2024-03-01,2024,Completed,True,1,Spain,2023-05-15,23,Product_23,Body,5,55,275
287,519,2024-10-29,2024-10-01,2024,Completed,True,292,Germany,2023-12-27,4,Product_4,Body,2,45,90
288,756,2024-09-22,2024-09-01,2024,Completed,True,25,Italy,2023-01-31,27,Product_27,Makeup,5,67,335
289,825,2024-09-20,2024-09-01,2024,Completed,True,139,France,2024-03-08,18,Product_18,Makeup,4,85,340
290,638,2024-03-24,2024-03-01,2024,Completed,True,118,Morocco,2023-04-19,21,Product_21,Hair,5,47,235
291,12,2024-08-09,2024-08-01,2024,Completed,True,152,Morocco,2023-09-15,28,Product_28,Hair,2,20,40
292,528,2024-06-11,2024-06-01,2024,Completed,True,39,Morocco,2024-02-15,35,Product_35,Skin,4,21,84
293,720,2024-04-09,2024-04-01,2024,Completed,True,292,Germany,2023-12-27,22,Product_22,Makeup,1,51,51
294,555,2024-08-09,2024-08-01,2024,Cancelled,False,147,Germany,2024-05-08,40,Product_40,Hair,3,48,144
295,373,2024-11-27,2024-11-01,2024,Completed,True,189,Germany,2023-06-03,23,Product_23,Body,2,80,160
296,484,2024-09-26,2024-09-01,2024,Completed,True,57,Italy,2023-11-03,3,Product_3,Hair,2,20,40
297,973,2024-12-27,2024-12-01,2024,Completed,True,182,Italy,2023-05-13,40,Product_40,Hair,2,45,90
298,647,2024-01-14,2024-01-01,2024,Completed,True,207,Germany,2023-03-18,50,Product_50,Skin,4,61,244
299,228,2024-01-26,2024-01-01,2024,Completed,True,54,Morocco,2023-06-12,10,Product_10,Hair,1,40,40
300,623,2024-03-13,2024-03-01,2024,Completed,True,85,Germany,2023-07-20,25,Product_25,Hair,5,42,210
301,307,2024-05-19,2024-05-01,2024,Completed,True,246,Germany,2023-09-06,49,Product_49,Makeup,1,22,22
302,457,2024-07-06,2024-07-01,2024,Returned,False,183,Italy,2023-02-24,8,Product_8,Body,4,27,108
303,160,2024-07-05,2024-07-01,2024,Completed,True,113,Spain,2024-04-12,11,Product_11,Makeup,2,50,100
304,331,2024-11-25,2024-11-01,2024,Completed,True,180,Italy,2023-04-03,5,Product_5,Skin,3,67,201
305,776,2024-02-13,2024-02-01,2024,Completed,True,6,Italy,2023-07-13,45,Product_45,Body,2,65,130
306,225,2024-05-22,2024-05-01,2024,Completed,True,208,Morocco,2024-04-07,37,Product_37,Makeup,5,33,165
307,983,2024-01-10,2024-01-01,2024,Completed,True,154,Morocco,2023-05-27,45,Product_45,Body,3,82,246
308,729,2024-02-10,2024-02-01,2024,Completed,True,214,Italy,2023-04-01,38,Product_38,Makeup,2,40,80
309,504,2024-09-27,2024-09-01,2024,Completed,True,7,Spain,2024-04-07,29,Product_29,Makeup,3,64,192
310,456,2024-12-19,2024-12-01,2024,Completed,True,268,France,2023-05-10,5,Product_5,Skin,1,114,114
311,45,2024-04-05,2024-04-01,2024,Cancelled,False,35,Spain,2023-11-14,9,Product_9,Makeup,4,19,76
312,214,2024-08-03,2024-08-01,2024,Cancelled,False,112,Germany,2024-04-25,48,Product_48,Hair,2,69,138
313,59,2024-05-30,2024-05-01,2024,Completed,True,271,France,2023-08-29,2,Product_2,Skin,5,11,55
314,644,2024-10-23,2024-10-01,2024,Returned,False,251,Morocco,2024-04-10,1,Product_1,Body,1,111,111
315,616,2024-04-15,2024-04-01,2024,Completed,True,259,Spain,2024-03-15,40,Product_40,Hair,2,24,48
316,195,2024-05-10,2024-05-01,2024,Completed,True,201,France,2024-01-16,30,Product_30,Hair,1,12,12
317,925,2024-12-01,2024-12-01,2024,Completed,True,11,Morocco,2024-01-03,11,Product_11,Makeup,5,52,260
318,489,2024-06-12,2024-06-01,2024,Cancelled,False,186,Germany,2023-01-29,28,Product_28,Hair,2,40,80
319,157,2024-01-11,2024-01-01,2024,Completed,True,96,Germany,2024-01-31,44,Product_44,Body,5,79,395
320,610,2024-06-14,2024-06-01,2024,Cancelled,False,98,Morocco,2024-02-20,12,Product_12,Skin,3,76,228
321,226,2024-02-28,2024-02-01,2024,Completed,True,131,Spain,2024-04-08,39,Product_39,Hair,5,65,325
322,412,2024-04-01,2024-04-01,2024,Completed,True,258,Morocco,2023-10-06,26,Product_26,Makeup,3,72,216
323,205,2024-10-31,2024-10-01,2024,Completed,True,39,Morocco,2024-02-15,13,Product_13,Skin,2,84,168
324,79,2024-08-13,2024-08-01,2024,Completed,True,63,Spain,2024-03-03,8,Product_8,Body,3,24,72
325,124,2024-06-01,2024-06-01,2024,Completed,True,13,Italy,2024-02-10,28,Product_28,Hair,2,118,236
326,471,2024-07-14,2024-07-01,2024,Completed,True,76,Spain,2023-02-07,30,Product_30,Hair,2,101,202
327,940,2024-02-21,2024-02-01,2024,Completed,True,127,Italy,2023-01-29,9,Product_9,Makeup,4,19,76
328,218,2024-03-21,2024-03-01,2024,Completed,True,140,Morocco,2024-02-05,39,Product_39,Hair,2,47,94
329,516,2024-08-23,2024-08-01,2024,Completed,True,145,France,2023-06-07,31,Product_31,Body,3,56,168
330,602,2024-08-12,2024-08-01,2024,Completed,True,239,Spain,2023-07-13,21,Product_21,Hair,4,66,264
331,104,2024-10-04,2024-10-01,2024,Cancelled,False,5,Italy,2024-02-05,47,Product_47,Hair,4,59,236
332,393,2024-10-27,2024-10-01,2024,Completed,True,289,Italy,2023-05-28,34,Product_34,Hair,2,80,160
333,631,2024-12-13,2024-12-01,2024,Completed,True,34,Morocco,2024-01-03,31,Product_31,Body,5,24,120
334,645,2024-07-06,2024-07-01,2024,Completed,True,112,Germany,2024-04-25,25,Product_25,Hair,5,27,135
335,824,2024-05-08,2024-05-01,2024,Completed,True,293,Germany,2023-11-04,12,Product_12,Skin,4,91,364
336,608,2024-04-12,2024-04-01,2024,Cancelled,False,283,Italy,2023-01-21,1,Product_1,Body,2,114,228
337,980,2024-01-26,2024-01-01,2024,Completed,True,285,Spain,2023-07-21,22,Product_22,Makeup,5,97,485
338,434,2024-01-31,2024-01-01,2024,Completed,True,93,Germany,2023-12-24,40,Product_40,Hair,2,11,22
339,331,2024-11-25,2024-11-01,2024,Completed,True,180,Italy,2023-04-03,37,Product_37,Makeup,2,113,226
340,143,2024-02-15,2024-02-01,2024,Completed,True,225,Morocco,2023-03-02,47,Product_47,Hair,4,93,372
341,800,2024-06-29,2024-06-01,2024,Completed,True,75,Spain,2023-07-03,1,Product_1,Body,4,107,428
342,540,2024-04-02,2024-04-01,2024,Completed,True,117,Spain,2024-04-15,1,Product_1,Body,1,52,52
343,278,2024-09-30,2024-09-01,2024,Completed,True,99,Italy,2024-01-09,42,Product_42,Skin,5,35,175
344,233,2024-07-17,2024-07-01,2024,Completed,True,113,Spain,2024-04-12,42,Product_42,Skin,5,80,400
345,529,2024-11-15,2024-11-01,2024,Completed,True,126,France,2023-07-24,21,Product_21,Hair,5,47,235
346,571,2024-03-12,2024-03-01,2024,Completed,True,164,Germany,2024-03-25,15,Product_15,Makeup,3,103,309
347,90,2024-08-02,2024-08-01,2024,Returned,False,268,France,2023-05-10,17,Product_17,Hair,2,51,102
348,492,2024-01-07,2024-01-01,2024,Completed,True,133,Germany,2023-05-31,22,Product_22,Makeup,4,14,56
349,199,2024-04-11,2024-04-01,2024,Completed,True,148,Morocco,2024-04-02,38,Product_38,Makeup,5,20,100
350,362,2024-03-08,2024-03-01,2024,Completed,True,122,Germany,2023-06-10,35,Product_35,Skin,1,74,74
351,441,2024-12-21,2024-12-01,2024,Completed,True,217,Italy,2023-02-01,45,Product_45,Body,5,43,215
352,26,2024-06-26,2024-06-01,2024,Returned,False,188,Germany,2023-07-30,16,Product_16,Makeup,2,10,20
353,25,2024-10-14,2024-10-01,2024,Completed,True,170,Morocco,2023-09-07,8,Product_8,Body,2,92,184
354,394,2024-08-11,2024-08-01,2024,Completed,True,254,Germany,2023-08-09,47,Product_47,Hair,4,11,44
355,507,2024-03-15,2024-03-01,2024,Completed,True,168,France,2024-04-22,17,Product_17,Hair,3,94,282
356,301,2024-10-19,2024-10-01,2024,Completed,True,151,Germany,2023-06-06,17,Product_17,Hair,4,29,116
357,339,2024-01-05,2024-01-01,2024,Completed,True,108,Italy,2023-06-04,26,Product_26,Makeup,5,70,350
358,267,2024-06-09,2024-06-01,2024,Completed,True,147,Germany,2024-05-08,13,Product_13,Skin,1,96,96
359,461,2024-11-21,2024-11-01,2024,Completed,True,286,Spain,2023-10-06,17,Product_17,Hair,4,30,120
360,693,2024-05-31,2024-05-01,2024,Completed,True,122,Germany,2023-06-10,38,Product_38,Makeup,3,97,291
361,456,2024-12-19,2024-12-01,2024,Completed,True,268,France,2023-05-10,17,Product_17,Hair,4,77,308
362,360,2024-03-29,2024-03-01,2024,Completed,True,129,France,2024-03-29,48,Product_48,Hair,2,21,42
363,68,2024-10-29,2024-10-01,2024,Completed,True,280,Italy,2023-01-31,14,Product_14,Body,5,31,155
364,863,2024-03-29,2024-03-01,2024,Completed,True,237,Italy,2023-06-27,45,Product_45,Body,5,29,145
365,412,2024-04-01,2024-04-01,2024,Completed,True,258,Morocco,2023-10-06,6,Product_6,Body,5,91,455
366,971,2024-06-20,2024-06-01,2024,Completed,True,251,Morocco,2024-04-10,35,Product_35,Skin,5,10,50
367,491,2024-08-14,2024-08-01,2024,Completed,True,122,Germany,2023-06-10,46,Product_46,Makeup,5,39,195
368,833,2024-07-11,2024-07-01,2024,Completed,True,13,Italy,2024-02-10,14,Product_14,Body,5,106,530
369,49,2024-04-29,2024-04-01,2024,Completed,True,2,Italy,2023-02-10,47,Product_47,Hair,1,33,33
370,687,2024-01-24,2024-01-01,2024,Completed,True,195,Spain,2023-06-07,8,Product_8,Body,3,23,69
371,564,2024-08-01,2024-08-01,2024,Completed,True,144,France,2023-06-22,15,Product_15,Makeup,5,45,225
372,102,2024-07-19,2024-07-01,2024,Returned,False,131,Spain,2024-04-08,27,Product_27,Makeup,3,78,234
373,216,2024-09-20,2024-09-01,2024,Returned,False,2,Italy,2023-02-10,13,Product_13,Skin,5,84,420
374,438,2024-06-06,2024-06-01,2024,Completed,True,196,Spain,2023-09-16,49,Product_49,Makeup,4,33,132
375,700,2024-12-19,2024-12-01,2024,Completed,True,1,Spain,2023-05-15,31,Product_31,Body,5,69,345
376,569,2024-07-23,2024-07-01,2024,Completed,True,8,France,2023-04-20,35,Product_35,Skin,2,104,208
377,559,2024-12-05,2024-12-01,2024,Returned,False,14,Italy,2023-01-04,6,Product_6,Body,1,64,64
378,159,2024-04-22,2024-04-01,2024,Completed,True,180,Italy,2023-04-03,5,Product_5,Skin,4,86,344
379,489,2024-06-12,2024-06-01,2024,Cancelled,False,186,Germany,2023-01-29,22,Product_22,Makeup,4,89,356
380,686,2024-06-07,2024-06-01,2024,Returned,False,281,France,2023-05-18,49,Product_49,Makeup,2,33,66
381,242,2024-06-24,2024-06-01,2024,Completed,True,208,Morocco,2024-04-07,23,Product_23,Body,5,86,430
382,794,2024-11-20,2024-11-01,2024,Completed,True,40,Morocco,2023-09-04,25,Product_25,Hair,1,33,33
383,753,2024-09-26,2024-09-01,2024,Completed,True,86,Morocco,2024-02-17,34,Product_34,Hair,4,63,252
384,882,2024-12-09,2024-12-01,2024,Completed,True,198,Germany,2023-05-02,26,Product_26,Makeup,1,35,35
385,5,2024-01-18,2024-01-01,2024,Completed,True,189,Germany,2023-06-03,47,Product_47,Hair,4,75,300
386,596,2024-05-27,2024-05-01,2024,Completed,True,5,Italy,2024-02-05,5,Product_5,Skin,5,89,445
387,820,2024-12-01,2024-12-01,2024,Completed,True,1,Spain,2023-05-15,26,Product_26,Makeup,4,47,188
388,361,2024-11-24,2024-11-01,2024,Completed,True,58,Morocco,2023-12-05,20,Product_20,Hair,4,119,476
389,459,2024-12-30,2024-12-01,2024,Completed,True,279,Spain,2024-01-25,6,Product_6,Body,3,74,222
390,248,2024-04-12,2024-04-01,2024,Completed,True,135,France,2023-09-23,6,Product_6,Body,5,84,420
391,566,2024-12-09,2024-12-01,2024,Completed,True,224,France,2023-06-12,50,Product_50,Skin,2,60,120
392,673,2024-12-26,2024-12-01,2024,Completed,True,53,France,2023-11-04,18,Product_18,Makeup,2,44,88
393,946,2024-05-15,2024-05-01,2024,Cancelled,False,296,France,2023-06-11,4,Product_4,Body,5,52,260
394,422,2024-06-29,2024-06-01,2024,Completed,True,168,France,2024-04-22,17,Product_17,Hair,2,38,76
395,923,2024-01-21,2024-01-01,2024,Completed,True,69,Germany,2024-02-13,14,Product_14,Body,5,46,230
396,738,2024-11-21,2024-11-01,2024,Completed,True,3,Spain,2023-10-23,14,Product_14,Body,2,90,180
397,15,2024-05-11,2024-05-01,2024,Completed,True,258,Morocco,2023-10-06,13,Product_13,Skin,3,67,201
398,736,2024-05-09,2024-05-01,2024,Completed,True,187,Morocco,2024-02-14,7,Product_7,Hair,2,63,126
399,573,2024-09-30,2024-09-01,2024,Completed,True,136,Spain,2023-07-01,44,Product_44,Body,4,48,192
400,122,2024-01-17,2024-01-01,2024,Completed,True,29,Germany,2023-07-26,15,Product_15,Makeup,5,51,255
401,277,2024-05-20,2024-05-01,2024,Completed,True,6,Italy,2023-07-13,19,Product_19,Makeup,1,37,37
402,558,2024-08-23,2024-08-01,2024,Completed,True,233,Spain,2023-05-29,43,Product_43,Hair,1,38,38
403,453,2024-01-17,2024-01-01,2024,Completed,True,190,Spain,2023-10-20,47,Product_47,Hair,5,52,260
404,390,2024-03-21,2024-03-01,2024,Returned,False,218,Germany,2024-04-12,44,Product_44,Body,3,12,36
405,294,2024-03-05,2024-03-01,2024,Completed,True,223,Spain,2023-12-15,35,Product_35,Skin,2,19,38
406,574,2024-11-15,2024-11-01,2024,Cancelled,False,186,Germany,2023-01-29,17,Product_17,Hair,3,68,204
407,598,2024-07-20,2024-07-01,2024,Cancelled,False,289,Italy,2023-05-28,35,Product_35,Skin,1,115,115
408,446,2024-10-21,2024-10-01,2024,Completed,True,227,Spain,2023-09-21,19,Product_19,Makeup,5,23,115
409,210,2024-10-29,2024-10-01,2024,Completed,True,99,Italy,2024-01-09,20,Product_20,Hair,5,85,425
410,590,2024-02-15,2024-02-01,2024,Completed,True,256,Germany,2023-06-03,36,Product_36,Skin,3,56,168
411,714,2024-02-09,2024-02-01,2024,Completed,True,239,Spain,2023-07-13,35,Product_35,Skin,3,51,153
412,302,2024-06-01,2024-06-01,2024,Completed,True,127,Italy,2023-01-29,32,Product_32,Body,2,103,206
413,909,2024-06-02,2024-06-01,2024,Completed,True,157,Morocco,2024-04-07,48,Product_48,Hair,4,41,164
414,223,2024-03-29,2024-03-01,2024,Completed,True,99,Italy,2024-01-09,44,Product_44,Body,4,41,164
415,734,2024-08-18,2024-08-01,2024,Completed,True,154,Morocco,2023-05-27,40,Product_40,Hair,2,51,102
416,3,2024-05-23,2024-05-01,2024,Completed,True,107,Italy,2024-01-05,24,Product_24,Hair,4,41,164
417,990,2024-02-18,2024-02-01,2024,Returned,False,63,Spain,2024-03-03,17,Product_17,Hair,1,35,35
418,518,2024-01-21,2024-01-01,2024,Returned,False,132,Germany,2023-10-07,7,Product_7,Hair,4,10,40
419,93,2024-07-27,2024-07-01,2024,Completed,True,62,Spain,2023-05-07,43,Product_43,Hair,2,65,130
420,520,2024-12-22,2024-12-01,2024,Completed,True,70,Morocco,2023-08-03,50,Product_50,Skin,4,115,460
421,428,2024-01-07,2024-01-01,2024,Completed,True,253,Morocco,2023-05-19,1,Product_1,Body,5,11,55
422,493,2024-01-29,2024-01-01,2024,Completed,True,163,Spain,2023-07-27,35,Product_35,Skin,3,90,270
423,235,2024-03-26,2024-03-01,2024,Returned,False,254,Germany,2023-08-09,32,Product_32,Body,1,39,39
424,620,2024-05-02,2024-05-01,2024,Returned,False,202,Spain,2023-02-18,36,Product_36,Skin,5,112,560
425,161,2024-10-21,2024-10-01,2024,Completed,True,52,France,2023-01-21,13,Product_13,Skin,5,80,400
426,721,2024-08-27,2024-08-01,2024,Returned,False,257,Italy,2023-09-06,6,Product_6,Body,2,61,122
427,752,2024-04-27,2024-04-01,2024,Completed,True,231,Morocco,2024-02-18,14,Product_14,Body,3,100,300
428,331,2024-11-25,2024-11-01,2024,Completed,True,180,Italy,2023-04-03,37,Product_37,Makeup,3,18,54
429,333,2024-08-13,2024-08-01,2024,Completed,True,271,France,2023-08-29,48,Product_48,Hair,1,31,31
430,50,2024-10-28,2024-10-01,2024,Completed,True,54,Morocco,2023-06-12,15,Product_15,Makeup,2,43,86
431,523,2024-05-26,2024-05-01,2024,Cancelled,False,182,Italy,2023-05-13,47,Product_47,Hair,1,119,119
432,863,2024-03-29,2024-03-01,2024,Completed,True,237,Italy,2023-06-27,4,Product_4,Body,4,58,232
433,668,2024-07-29,2024-07-01,2024,Cancelled,False,184,France,2024-04-21,40,Product_40,Hair,5,10,50
434,492,2024-01-07,2024-01-01,2024,Completed,True,133,Germany,2023-05-31,16,Product_16,Makeup,1,82,82
435,582,2024-10-15,2024-10-01,2024,Completed,True,201,France,2024-01-16,28,Product_28,Hair,5,93,465
436,681,2024-12-18,2024-12-01,2024,Completed,True,151,Germany,2023-06-06,16,Product_16,Makeup,2,62,124
437,272,2024-06-18,2024-06-01,2024,Completed,True,17,Morocco,2023-06-15,4,Product_4,Body,4,92,368
438,580,2024-10-27,2024-10-01,2024,Cancelled,False,192,Italy,2023-08-10,45,Product_45,Body,2,109,218
439,867,2024-09-01,2024-09-01,2024,Returned,False,295,France,2024-03-05,26,Product_26,Makeup,4,49,196
440,252,2024-05-31,2024-05-01,2024,Completed,True,176,France,2023-09-01,28,Product_28,Hair,4,54,216
441,560,2024-08-15,2024-08-01,2024,Completed,True,143,Italy,2023-08-24,32,Product_32,Body,5,77,385
442,696,2024-04-05,2024-04-01,2024,Completed,True,5,Italy,2024-02-05,45,Product_45,Body,2,18,36
443,832,2024-10-16,2024-10-01,2024,Completed,True,172,Italy,2023-07-18,2,Product_2,Skin,2,114,228
444,699,2024-04-26,2024-04-01,2024,Completed,True,22,Italy,2023-08-04,31,Product_31,Body,1,31,31
445,90,2024-08-02,2024-08-01,2024,Returned,False,268,France,2023-05-10,3,Product_3,Hair,2,27,54
446,446,2024-10-21,2024-10-01,2024,Completed,True,227,Spain,2023-09-21,8,Product_8,Body,1,85,85
447,332,2024-04-16,2024-04-01,2024,Completed,True,170,Morocco,2023-09-07,24,Product_24,Hair,3,115,345
448,139,2024-11-04,2024-11-01,2024,Completed,True,286,Spain,2023-10-06,15,Product_15,Makeup,3,52,156
449,357,2024-08-14,2024-08-01,2024,Completed,True,117,Spain,2024-04-15,43,Product_43,Hair,3,48,144
450,601,2024-01-02,2024-01-01,2024,Completed,True,224,France,2023-06-12,31,Product_31,Body,2,82,164
451,274,2024-09-07,2024-09-01,2024,Completed,True,220,France,2024-01-29,9,Product_9,Makeup,2,15,30
452,19,2024-05-10,2024-05-01,2024,Returned,False,161,Germany,2023-12-24,39,Product_39,Hair,1,92,92
453,983,2024-01-10,2024-01-01,2024,Completed,True,154,Morocco,2023-05-27,45,Product_45,Body,4,57,228
454,311,2024-07-16,2024-07-01,2024,Completed,True,247,Spain,2024-05-12,2,Product_2,Skin,1,16,16
455,870,2024-11-19,2024-11-01,2024,Completed,True,288,France,2024-02-20,8,Product_8,Body,3,89,267
456,886,2024-05-22,2024-05-01,2024,Returned,False,42,Italy,2024-01-07,7,Product_7,Hair,1,78,78
457,978,2024-08-01,2024-08-01,2024,Completed,True,161,Germany,2023-12-24,44,Product_44,Body,4,25,100
458,154,2024-05-28,2024-05-01,2024,Completed,True,172,Italy,2023-07-18,39,Product_39,Hair,2,10,20
459,390,2024-03-21,2024-03-01,2024,Returned,False,218,Germany,2024-04-12,42,Product_42,Skin,1,46,46
460,260,2024-07-01,2024-07-01,2024,Completed,True,283,Italy,2023-01-21,16,Product_16,Makeup,3,112,336
461,620,2024-05-02,2024-05-01,2024,Returned,False,202,Spain,2023-02-18,35,Product_35,Skin,3,92,276
462,883,2024-11-05,2024-11-01,2024,Completed,True,134,Italy,2023-08-28,30,Product_30,Hair,2,46,92
463,797,2024-07-24,2024-07-01,2024,Completed,True,223,Spain,2023-12-15,10,Product_10,Hair,1,90,90
464,571,2024-03-12,2024-03-01,2024,Completed,True,164,Germany,2024-03-25,38,Product_38,Makeup,4,73,292
465,125,2024-03-16,2024-03-01,2024,Completed,True,160,France,2023-05-11,18,Product_18,Makeup,2,99,198
466,354,2024-08-03,2024-08-01,2024,Completed,True,92,Spain,2023-09-01,50,Product_50,Skin,1,95,95
467,273,2024-02-03,2024-02-01,2024,Returned,False,172,Italy,2023-07-18,5,Product_5,Skin,5,71,355
468,619,2024-11-12,2024-11-01,2024,Completed,True,165,Italy,2023-04-05,29,Product_29,Makeup,3,81,243
469,811,2024-08-10,2024-08-01,2024,Completed,True,133,Germany,2023-05-31,39,Product_39,Hair,4,70,280
470,245,2024-08-02,2024-08-01,2024,Completed,True,68,Morocco,2023-12-02,34,Product_34,Hair,4,42,168
471,848,2024-01-01,2024-01-01,2024,Completed,True,1,Spain,2023-05-15,43,Product_43,Hair,4,75,300
472,450,2024-06-03,2024-06-01,2024,Completed,True,96,Germany,2024-01-31,45,Product_45,Body,3,39,117
473,930,2024-10-18,2024-10-01,2024,Completed,True,23,Spain,2023-04-02,23,Product_23,Body,1,29,29
474,247,2024-08-10,2024-08-01,2024,Completed,True,277,Germany,2023-07-19,5,Product_5,Skin,2,69,138
475,520,2024-12-22,2024-12-01,2024,Completed,True,70,Morocco,2023-08-03,30,Product_30,Hair,1,91,91
476,141,2024-07-08,2024-07-01,2024,Completed,True,231,Morocco,2024-02-18,6,Product_6,Body,2,116,232
477,362,2024-03-08,2024-03-01,2024,Completed,True,122,Germany,2023-06-10,46,Product_46,Makeup,4,83,332
478,8,2024-06-23,2024-06-01,2024,Cancelled,False,122,Germany,2023-06-10,44,Product_44,Body,1,33,33
479,478,2024-01-12,2024-01-01,2024,Completed,True,69,Germany,2024-02-13,4,Product_4,Body,4,13,52
480,352,2024-03-02,2024-03-01,2024,Completed,True,120,Spain,2023-03-20,29,Product_29,Makeup,5,46,230
481,996,2024-05-31,2024-05-01,2024,Completed,True,215,Germany,2024-02-15,23,Product_23,Body,4,13,52
482,495,2024-05-13,2024-05-01,2024,Completed,True,221,Germany,2023-09-26,6,Product_6,Body,4,86,344
483,606,2024-04-25,2024-04-01,2024,Completed,True,63,Spain,2024-03-03,32,Product_32,Body,2,98,196
484,833,2024-07-11,2024-07-01,2024,Completed,True,13,Italy,2024-02-10,42,Product_42,Skin,5,86,430
485,427,2024-07-06,2024-07-01,2024,Completed,True,95,Spain,2023-11-23,18,Product_18,Makeup,4,27,108
486,39,2024-03-07,2024-03-01,2024,Completed,True,14,Italy,2023-01-04,15,Product_15,Makeup,4,97,388
487,593,2024-11-05,2024-11-01,2024,Completed,True,286,Spain,2023-10-06,40,Product_40,Hair,5,75,375
488,187,2024-05-08,2024-05-01,2024,Completed,True,255,France,2023-09-30,32,Product_32,Body,5,57,285
489,596,2024-05-27,2024-05-01,2024,Completed,True,5,Italy,2024-02-05,9,Product_9,Makeup,1,42,42
490,600,2024-12-18,2024-12-01,2024,Returned,False,146,Morocco,2023-06-21,37,Product_37,Makeup,2,67,134
491,754,2024-03-20,2024-03-01,2024,Completed,True,126,France,2023-07-24,10,Product_10,Hair,5,92,460
492,854,2024-03-09,2024-03-01,2024,Completed,True,286,Spain,2023-10-06,20,Product_20,Hair,5,82,410
493,93,2024-07-27,2024-07-01,2024,Completed,True,62,Spain,2023-05-07,6,Product_6,Body,3,37,111
494,86,2024-07-20,2024-07-01,2024,Completed,True,41,Spain,2023-06-12,48,Product_48,Hair,5,44,220
495,44,2024-10-17,2024-10-01,2024,Completed,True,264,France,2023-01-02,3,Product_3,Hair,2,112,224
496,137,2024-09-24,2024-09-01,2024,Completed,True,108,Italy,2023-06-04,42,Product_42,Skin,4,19,76
497,421,2024-12-10,2024-12-01,2024,Completed,True,65,France,2023-08-31,11,Product_11,Makeup,4,74,296
498,74,2024-01-20,2024-01-01,2024,Returned,False,15,Morocco,2023-09-01,43,Product_43,Hair,4,51,204
499,548,2024-12-14,2024-12-01,2024,Cancelled,False,80,Morocco,2023-09-14,17,Product_17,Hair,4,94,376
500,613,2024-06-22,2024-06-01,2024,Completed,True,6,Italy,2023-07-13,32,Product_32,Body,3,18,54
501,988,2024-05-31,2024-05-01,2024,Returned,False,148,Morocco,2024-04-02,4,Product_4,Body,5,69,345
502,512,2024-01-22,2024-01-01,2024,Completed,True,5,Italy,2024-02-05,4,Product_4,Body,4,24,96
503,156,2024-10-22,2024-10-01,2024,Completed,True,160,France,2023-05-11,17,Product_17,Hair,1,108,108
504,938,2024-10-16,2024-10-01,2024,Returned,False,133,Germany,2023-05-31,41,Product_41,Skin,4,66,264
505,255,2024-10-27,2024-10-01,2024,Completed,True,158,Italy,2024-01-02,19,Product_19,Makeup,5,78,390
506,171,2024-11-07,2024-11-01,2024,Completed,True,130,Spain,2023-07-26,5,Product_5,Skin,4,114,456
507,981,2024-01-09,2024-01-01,2024,Completed,True,63,Spain,2024-03-03,32,Product_32,Body,3,31,93
508,728,2024-11-20,2024-11-01,2024,Completed,True,56,Italy,2023-04-07,22,Product_22,Makeup,2,73,146
509,170,2024-03-09,2024-03-01,2024,Cancelled,False,2,Italy,2023-02-10,6,Product_6,Body,2,50,100
510,764,2024-06-19,2024-06-01,2024,Completed,True,109,Italy,2023-09-02,35,Product_35,Skin,5,96,480
511,872,2024-04-11,2024-04-01,2024,Completed,True,125,France,2023-05-07,22,Product_22,Makeup,2,80,160
512,322,2024-02-21,2024-02-01,2024,Completed,True,215,Germany,2024-02-15,1,Product_1,Body,2,65,130
513,567,2024-03-12,2024-03-01,2024,Completed,True,272,Italy,2023-05-21,20,Product_20,Hair,1,32,32
514,456,2024-12-19,2024-12-01,2024,Completed,True,268,France,2023-05-10,22,Product_22,Makeup,5,117,585
515,944,2024-06-04,2024-06-01,2024,Cancelled,False,51,Germany,2024-02-03,48,Product_48,Hair,5,34,170
516,603,2024-10-15,2024-10-01,2024,Completed,True,177,Spain,2024-02-27,11,Product_11,Makeup,2,100,200
517,790,2024-02-04,2024-02-01,2024,Completed,True,137,France,2023-04-15,13,Product_13,Skin,2,114,228
518,613,2024-06-22,2024-06-01,2024,Completed,True,6,Italy,2023-07-13,42,Product_42,Skin,2,15,30
519,155,2024-09-23,2024-09-01,2024,Completed,True,152,Morocco,2023-09-15,3,Product_3,Hair,3,43,129
520,889,2024-07-17,2024-07-01,2024,Completed,True,157,Morocco,2024-04-07,9,Product_9,Makeup,4,72,288
521,349,2024-03-01,2024-03-01,2024,Completed,True,158,Italy,2024-01-02,12,Product_12,Skin,3,18,54
522,451,2024-04-22,2024-04-01,2024,Completed,True,152,Morocco,2023-09-15,23,Product_23,Body,5,69,345
523,876,2024-03-22,2024-03-01,2024,Completed,True,153,Germany,2023-06-13,14,Product_14,Body,1,58,58
524,653,2024-08-30,2024-08-01,2024,Cancelled,False,252,Germany,2023-12-28,33,Product_33,Hair,4,106,424
525,173,2024-09-06,2024-09-01,2024,Completed,True,54,Morocco,2023-06-12,18,Product_18,Makeup,1,60,60
526,10,2024-04-22,2024-04-01,2024,Completed,True,88,Italy,2023-12-09,49,Product_49,Makeup,5,69,345
527,740,2024-12-10,2024-12-01,2024,Completed,True,238,Spain,2024-02-29,41,Product_41,Skin,5,79,395
528,265,2024-12-14,2024-12-01,2024,Returned,False,97,Spain,2023-12-17,9,Product_9,Makeup,1,46,46
529,438,2024-06-06,2024-06-01,2024,Completed,True,196,Spain,2023-09-16,23,Product_23,Body,1,40,40
530,760,2024-09-13,2024-09-01,2024,Returned,False,25,Italy,2023-01-31,10,Product_10,Hair,1,107,107
531,247,2024-08-10,2024-08-01,2024,Completed,True,277,Germany,2023-07-19,19,Product_19,Makeup,5,50,250
532,667,2024-03-22,2024-03-01,2024,Returned,False,138,Morocco,2024-02-29,47,Product_47,Hair,2,71,142
533,546,2024-02-19,2024-02-01,2024,Completed,True,173,Morocco,2024-04-28,5,Product_5,Skin,1,102,102
534,499,2024-08-13,2024-08-01,2024,Completed,True,76,Spain,2023-02-07,47,Product_47,Hair,4,67,268
535,129,2024-12-07,2024-12-01,2024,Completed,True,284,Morocco,2023-08-22,23,Product_23,Body,5,23,115
536,672,2024-11-07,2024-11-01,2024,Completed,True,262,Morocco,2023-10-03,30,Product_30,Hair,3,45,135
537,601,2024-01-02,2024-01-01,2024,Completed,True,224,France,2023-06-12,25,Product_25,Hair,3,45,135
538,605,2024-03-17,2024-03-01,2024,Completed,True,282,France,2024-05-06,28,Product_28,Hair,4,88,352
539,327,2024-12-14,2024-12-01,2024,Cancelled,False,190,Spain,2023-10-20,34,Product_34,Hair,2,17,34
540,753,2024-09-26,2024-09-01,2024,Completed,True,86,Morocco,2024-02-17,45,Product_45,Body,1,35,35
541,835,2024-04-28,2024-04-01,2024,Completed,True,130,Spain,2023-07-26,48,Product_48,Hair,5,45,225
542,980,2024-01-26,2024-01-01,2024,Completed,True,285,Spain,2023-07-21,47,Product_47,Hair,1,57,57
543,404,2024-12-12,2024-12-01,2024,Completed,True,250,Germany,2023-06-07,25,Product_25,Hair,5,94,470
544,629,2024-11-23,2024-11-01,2024,Completed,True,260,Italy,2024-03-11,10,Product_10,Hair,3,37,111
545,606,2024-04-25,2024-04-01,2024,Completed,True,63,Spain,2024-03-03,14,Product_14,Body,1,77,77
546,675,2024-05-10,2024-05-01,2024,Completed,True,126,France,2023-07-24,42,Product_42,Skin,4,71,284
547,611,2024-12-24,2024-12-01,2024,Completed,True,105,France,2023-03-08,46,Product_46,Makeup,2,89,178
548,625,2024-08-10,2024-08-01,2024,Completed,True,1,Spain,2023-05-15,30,Product_30,Hair,4,95,380
549,359,2024-04-29,2024-04-01,2024,Completed,True,127,Italy,2023-01-29,41,Product_41,Skin,2,85,170
550,603,2024-10-15,2024-10-01,2024,Completed,True,177,Spain,2024-02-27,25,Product_25,Hair,1,89,89
551,858,2024-07-10,2024-07-01,2024,Completed,True,5,Italy,2024-02-05,14,Product_14,Body,1,60,60
552,718,2024-10-08,2024-10-01,2024,Completed,True,61,Germany,2023-11-29,35,Product_35,Skin,2,113,226
553,17,2024-02-24,2024-02-01,2024,Completed,True,192,Italy,2023-08-10,48,Product_48,Hair,3,111,333
554,274,2024-09-07,2024-09-01,2024,Completed,True,220,France,2024-01-29,34,Product_34,Hair,5,51,255
555,685,2024-07-31,2024-07-01,2024,Completed,True,184,France,2024-04-21,10,Product_10,Hair,4,110,440
556,116,2024-05-07,2024-05-01,2024,Returned,False,96,Germany,2024-01-31,35,Product_35,Skin,4,38,152
557,861,2024-06-09,2024-06-01,2024,Completed,True,132,Germany,2023-10-07,11,Product_11,Makeup,4,91,364
558,980,2024-01-26,2024-01-01,2024,Completed,True,285,Spain,2023-07-21,11,Product_11,Makeup,1,19,19
559,693,2024-05-31,2024-05-01,2024,Completed,True,122,Germany,2023-06-10,21,Product_21,Hair,4,115,460
560,91,2024-05-07,2024-05-01,2024,Completed,True,33,Italy,2023-04-11,21,Product_21,Hair,5,48,240
561,82,2024-12-07,2024-12-01,2024,Cancelled,False,163,Spain,2023-07-27,22,Product_22,Makeup,5,91,455
562,324,2024-02-28,2024-02-01,2024,Returned,False,153,Germany,2023-06-13,45,Product_45,Body,2,10,20
563,961,2024-02-08,2024-02-01,2024,Completed,True,291,Morocco,2023-01-29,7,Product_7,Hair,1,48,48
564,114,2024-11-21,2024-11-01,2024,Completed,True,241,Morocco,2024-01-22,17,Product_17,Hair,5,30,150
565,769,2024-04-30,2024-04-01,2024,Completed,True,34,Morocco,2024-01-03,2,Product_2,Skin,3,74,222
566,58,2024-06-09,2024-06-01,2024,Returned,False,270,Spain,2023-09-17,12,Product_12,Skin,1,24,24
567,154,2024-05-28,2024-05-01,2024,Completed,True,172,Italy,2023-07-18,42,Product_42,Skin,1,13,13
568,877,2024-10-05,2024-10-01,2024,Completed,True,145,France,2023-06-07,18,Product_18,Makeup,5,69,345
569,404,2024-12-12,2024-12-01,2024,Completed,True,250,Germany,2023-06-07,11,Product_11,Makeup,3,70,210
570,628,2024-09-20,2024-09-01,2024,Completed,True,205,Morocco,2023-10-24,16,Product_16,Makeup,2,29,58
571,855,2024-12-26,2024-12-01,2024,Completed,True,291,Morocco,2023-01-29,49,Product_49,Makeup,5,19,95
572,266,2024-07-28,2024-07-01,2024,Completed,True,284,Morocco,2023-08-22,18,Product_18,Makeup,3,96,288
573,315,2024-12-09,2024-12-01,2024,Completed,True,173,Morocco,2024-04-28,35,Product_35,Skin,1,114,114
574,715,2024-01-21,2024-01-01,2024,Completed,True,56,Italy,2023-04-07,26,Product_26,Makeup,3,43,129
575,41,2024-04-06,2024-04-01,2024,Completed,True,265,Italy,2023-03-29,16,Product_16,Makeup,1,119,119
576,105,2024-08-22,2024-08-01,2024,Completed,True,218,Germany,2024-04-12,6,Product_6,Body,5,57,285
577,901,2024-09-21,2024-09-01,2024,Completed,True,123,Spain,2024-03-14,44,Product_44,Body,5,42,210
578,890,2024-05-22,2024-05-01,2024,Completed,True,289,Italy,2023-05-28,43,Product_43,Hair,4,107,428
579,193,2024-02-08,2024-02-01,2024,Completed,True,144,France,2023-06-22,47,Product_47,Hair,4,112,448
580,401,2024-02-09,2024-02-01,2024,Completed,True,290,Germany,2024-04-02,47,Product_47,Hair,4,70,280
581,278,2024-09-30,2024-09-01,2024,Completed,True,99,Italy,2024-01-09,48,Product_48,Hair,5,19,95
582,354,2024-08-03,2024-08-01,2024,Completed,True,92,Spain,2023-09-01,42,Product_42,Skin,2,63,126
583,749,2024-10-13,2024-10-01,2024,Returned,False,202,Spain,2023-02-18,12,Product_12,Skin,5,93,465
584,937,2024-10-01,2024-10-01,2024,Completed,True,171,Italy,2023-07-09,13,Product_13,Skin,3,74,222
585,733,2024-01-14,2024-01-01,2024,Completed,True,216,Italy,2023-01-08,4,Product_4,Body,5,86,430
586,580,2024-10-27,2024-10-01,2024,Cancelled,False,192,Italy,2023-08-10,39,Product_39,Hair,5,10,50
587,709,2024-05-04,2024-05-01,2024,Returned,False,282,France,2024-05-06,2,Product_2,Skin,1,14,14
588,256,2024-04-07,2024-04-01,2024,Completed,True,38,Morocco,2024-05-03,26,Product_26,Makeup,1,89,89
589,651,2024-01-25,2024-01-01,2024,Cancelled,False,103,Italy,2023-03-22,27,Product_27,Makeup,1,24,24
590,824,2024-05-08,2024-05-01,2024,Completed,True,293,Germany,2023-11-04,27,Product_27,Makeup,5,37,185
591,947,2024-05-23,2024-05-01,2024,Completed,True,297,Germany,2023-12-23,15,Product_15,Makeup,2,104,208
592,661,2024-04-28,2024-04-01,2024,Completed,True,247,Spain,2024-05-12,8,Product_8,Body,3,32,96
593,99,2024-08-24,2024-08-01,2024,Returned,False,35,Spain,2023-11-14,7,Product_7,Hair,3,118,354
594,588,2024-02-10,2024-02-01,2024,Cancelled,False,253,Morocco,2023-05-19,47,Product_47,Hair,2,116,232
595,282,2024-10-28,2024-10-01,2024,Completed,True,181,Spain,2023-10-27,46,Product_46,Makeup,2,26,52
596,883,2024-11-05,2024-11-01,2024,Completed,True,134,Italy,2023-08-28,40,Product_40,Hair,3,107,321
597,403,2024-02-09,2024-02-01,2024,Completed,True,223,Spain,2023-12-15,12,Product_12,Skin,4,22,88
598,109,2024-04-18,2024-04-01,2024,Completed,True,15,Morocco,2023-09-01,13,Product_13,Skin,1,23,23
599,700,2024-12-19,2024-12-01,2024,Completed,True,1,Spain,2023-05-15,43,Product_43,Hair,1,20,20
600,199,2024-04-11,2024-04-01,2024,Completed,True,148,Morocco,2024-04-02,17,Product_17,Hair,3,37,111
601,303,2024-07-11,2024-07-01,2024,Completed,True,155,France,2024-01-26,17,Product_17,Hair,2,51,102
602,327,2024-12-14,2024-12-01,2024,Cancelled,False,190,Spain,2023-10-20,36,Product_36,Skin,4,105,420
603,154,2024-05-28,2024-05-01,2024,Completed,True,172,Italy,2023-07-18,21,Product_21,Hair,3,108,324
604,552,2024-02-15,2024-02-01,2024,Completed,True,229,France,2023-04-05,8,Product_8,Body,1,70,70
605,645,2024-07-06,2024-07-01,2024,Completed,True,112,Germany,2024-04-25,5,Product_5,Skin,5,73,365
606,405,2024-08-24,2024-08-01,2024,Completed,True,147,Germany,2024-05-08,26,Product_26,Makeup,2,40,80
607,462,2024-03-14,2024-03-01,2024,Returned,False,273,Germany,2023-08-16,16,Product_16,Makeup,5,90,450
608,132,2024-10-13,2024-10-01,2024,Completed,True,45,Italy,2023-10-11,36,Product_36,Skin,3,82,246
609,791,2024-07-16,2024-07-01,2024,Returned,False,247,Spain,2024-05-12,28,Product_28,Hair,1,19,19
610,874,2024-04-11,2024-04-01,2024,Completed,True,63,Spain,2024-03-03,29,Product_29,Makeup,4,17,68
611,84,2024-10-06,2024-10-01,2024,Completed,True,261,Morocco,2023-10-31,47,Product_47,Hair,5,30,150
612,399,2024-11-18,2024-11-01,2024,Completed,True,246,Germany,2023-09-06,12,Product_12,Skin,4,86,344
613,754,2024-03-20,2024-03-01,2024,Completed,True,126,France,2023-07-24,37,Product_37,Makeup,1,68,68
614,628,2024-09-20,2024-09-01,2024,Completed,True,205,Morocco,2023-10-24,30,Product_30,Hair,5,59,295
615,109,2024-04-18,2024-04-01,2024,Completed,True,15,Morocco,2023-09-01,23,Product_23,Body,4,78,312
616,221,2024-07-18,2024-07-01,2024,Completed,True,9,Morocco,2023-08-09,16,Product_16,Makeup,4,79,316
617,904,2024-10-08,2024-10-01,2024,Completed,True,159,France,2023-02-07,14,Product_14,Body,5,39,195
618,553,2024-01-15,2024-01-01,2024,Completed,True,164,Germany,2024-03-25,10,Product_10,Hair,1,104,104
619,368,2024-05-02,2024-05-01,2024,Completed,True,118,Morocco,2023-04-19,7,Product_7,Hair,4,26,104
620,147,2024-12-28,2024-12-01,2024,Completed,True,233,Spain,2023-05-29,45,Product_45,Body,3,84,252
621,112,2024-10-19,2024-10-01,2024,Completed,True,63,Spain,2024-03-03,37,Product_37,Makeup,5,29,145
622,615,2024-05-22,2024-05-01,2024,Completed,True,133,Germany,2023-05-31,29,Product_29,Makeup,2,57,114
623,558,2024-08-23,2024-08-01,2024,Completed,True,233,Spain,2023-05-29,3,Product_3,Hair,2,82,164
624,924,2024-04-16,2024-04-01,2024,Completed,True,148,Morocco,2024-04-02,15,Product_15,Makeup,1,11,11
625,494,2024-02-02,2024-02-01,2024,Completed,True,215,Germany,2024-02-15,36,Product_36,Skin,3,46,138
626,505,2024-10-11,2024-10-01,2024,Completed,True,174,Italy,2023-08-09,47,Product_47,Hair,4,10,40
627,475,2024-08-06,2024-08-01,2024,Cancelled,False,223,Spain,2023-12-15,46,Product_46,Makeup,2,13,26
628,836,2024-08-05,2024-08-01,2024,Completed,True,84,France,2023-04-06,19,Product_19,Makeup,1,109,109
629,890,2024-05-22,2024-05-01,2024,Completed,True,289,Italy,2023-05-28,13,Product_13,Skin,3,63,189
630,271,2024-08-14,2024-08-01,2024,Completed,True,49,Spain,2024-01-28,42,Product_42,Skin,3,34,102
631,995,2024-02-19,2024-02-01,2024,Completed,True,141,Germany,2024-05-11,21,Product_21,Hair,1,12,12
632,421,2024-12-10,2024-12-01,2024,Completed,True,65,France,2023-08-31,37,Product_37,Makeup,1,18,18
633,897,2024-09-23,2024-09-01,2024,Completed,True,196,Spain,2023-09-16,27,Product_27,Makeup,4,95,380
634,707,2024-07-04,2024-07-01,2024,Completed,True,218,Germany,2024-04-12,29,Product_29,Makeup,1,96,96
635,367,2024-11-18,2024-11-01,2024,Completed,True,126,France,2023-07-24,20,Product_20,Hair,4,85,340
636,280,2024-08-14,2024-08-01,2024,Completed,True,37,Italy,2023-08-29,25,Product_25,Hair,4,83,332
637,283,2024-01-29,2024-01-01,2024,Cancelled,False,95,Spain,2023-11-23,6,Product_6,Body,5,43,215
638,40,2024-02-20,2024-02-01,2024,Completed,True,242,France,2023-12-02,36,Product_36,Skin,3,52,156
639,959,2024-04-17,2024-04-01,2024,Cancelled,False,117,Spain,2024-04-15,2,Product_2,Skin,3,83,249
640,189,2024-03-01,2024-03-01,2024,Returned,False,280,Italy,2023-01-31,22,Product_22,Makeup,3,103,309
641,164,2024-11-05,2024-11-01,2024,Completed,True,113,Spain,2024-04-12,32,Product_32,Body,5,31,155
642,994,2024-03-08,2024-03-01,2024,Completed,True,224,France,2023-06-12,16,Product_16,Makeup,4,79,316
643,989,2024-07-26,2024-07-01,2024,Completed,True,118,Morocco,2023-04-19,18,Product_18,Makeup,4,11,44
644,536,2024-01-27,2024-01-01,2024,Completed,True,148,Morocco,2024-04-02,5,Product_5,Skin,1,103,103
645,536,2024-01-27,2024-01-01,2024,Completed,True,148,Morocco,2024-04-02,36,Product_36,Skin,5,75,375
646,4,2024-01-19,2024-01-01,2024,Completed,True,72,France,2023-10-30,30,Product_30,Hair,1,41,41
647,835,2024-04-28,2024-04-01,2024,Completed,True,130,Spain,2023-07-26,45,Product_45,Body,5,115,575
648,290,2024-08-26,2024-08-01,2024,Completed,True,256,Germany,2023-06-03,19,Product_19,Makeup,1,25,25
649,953,2024-05-11,2024-05-01,2024,Completed,True,182,Italy,2023-05-13,23,Product_23,Body,2,85,170
650,433,2024-09-05,2024-09-01,2024,Completed,True,264,France,2023-01-02,34,Product_34,Hair,3,10,30
651,471,2024-07-14,2024-07-01,2024,Completed,True,76,Spain,2023-02-07,13,Product_13,Skin,3,81,243
652,181,2024-07-19,2024-07-01,2024,Completed,True,160,France,2023-05-11,43,Product_43,Hair,4,57,228
653,248,2024-04-12,2024-04-01,2024,Completed,True,135,France,2023-09-23,29,Product_29,Makeup,2,59,118
654,628,2024-09-20,2024-09-01,2024,Completed,True,205,Morocco,2023-10-24,36,Product_36,Skin,3,22,66
655,279,2024-04-05,2024-04-01,2024,Returned,False,233,Spain,2023-05-29,22,Product_22,Makeup,4,24,96
656,877,2024-10-05,2024-10-01,2024,Completed,True,145,France,2023-06-07,47,Product_47,Hair,2,62,124
657,581,2024-08-04,2024-08-01,2024,Completed,True,145,France,2023-06-07,36,Product_36,Skin,3,53,159
658,863,2024-03-29,2024-03-01,2024,Completed,True,237,Italy,2023-06-27,9,Product_9,Makeup,1,17,17
659,254,2024-07-06,2024-07-01,2024,Completed,True,238,Spain,2024-02-29,39,Product_39,Hair,5,83,415
660,181,2024-07-19,2024-07-01,2024,Completed,True,160,France,2023-05-11,19,Product_19,Makeup,2,55,110
661,830,2024-03-26,2024-03-01,2024,Completed,True,261,Morocco,2023-10-31,38,Product_38,Makeup,4,78,312
662,681,2024-12-18,2024-12-01,2024,Completed,True,151,Germany,2023-06-06,6,Product_6,Body,2,28,56
663,825,2024-09-20,2024-09-01,2024,Completed,True,139,France,2024-03-08,47,Product_47,Hair,4,47,188
664,509,2024-05-09,2024-05-01,2024,Cancelled,False,283,Italy,2023-01-21,15,Product_15,Makeup,2,20,40
665,761,2024-05-12,2024-05-01,2024,Cancelled,False,68,Morocco,2023-12-02,20,Product_20,Hair,4,52,208
666,700,2024-12-19,2024-12-01,2024,Completed,True,1,Spain,2023-05-15,9,Product_9,Makeup,3,29,87
667,566,2024-12-09,2024-12-01,2024,Completed,True,224,France,2023-06-12,32,Product_32,Body,1,29,29
668,326,2024-05-27,2024-05-01,2024,Completed,True,63,Spain,2024-03-03,4,Product_4,Body,3,30,90
669,357,2024-08-14,2024-08-01,2024,Completed,True,117,Spain,2024-04-15,50,Product_50,Skin,1,91,91
670,825,2024-09-20,2024-09-01,2024,Completed,True,139,France,2024-03-08,18,Product_18,Makeup,3,66,198
671,650,2024-01-12,2024-01-01,2024,Completed,True,75,Spain,2023-07-03,5,Product_5,Skin,3,59,177
672,680,2024-07-25,2024-07-01,2024,Completed,True,249,Italy,2023-06-02,20,Product_20,Hair,2,83,166
673,391,2024-04-23,2024-04-01,2024,Completed,True,39,Morocco,2024-02-15,23,Product_23,Body,5,107,535
674,615,2024-05-22,2024-05-01,2024,Completed,True,133,Germany,2023-05-31,11,Product_11,Makeup,4,35,140
675,934,2024-11-19,2024-11-01,2024,Completed,True,210,Morocco,2023-05-07,37,Product_37,Makeup,4,39,156
676,85,2024-03-21,2024-03-01,2024,Completed,True,231,Morocco,2024-02-18,22,Product_22,Makeup,4,82,328
677,317,2024-03-02,2024-03-01,2024,Completed,True,264,France,2023-01-02,4,Product_4,Body,1,119,119
678,212,2024-11-13,2024-11-01,2024,Completed,True,252,Germany,2023-12-28,29,Product_29,Makeup,4,40,160
679,515,2024-12-02,2024-12-01,2024,Completed,True,136,Spain,2023-07-01,44,Product_44,Body,4,51,204
680,384,2024-06-24,2024-06-01,2024,Completed,True,220,France,2024-01-29,34,Product_34,Hair,2,77,154
681,691,2024-12-29,2024-12-01,2024,Completed,True,160,France,2023-05-11,13,Product_13,Skin,3,70,210
682,342,2024-02-16,2024-02-01,2024,Completed,True,196,Spain,2023-09-16,42,Product_42,Skin,4,70,280
683,815,2024-12-05,2024-12-01,2024,Cancelled,False,225,Morocco,2023-03-02,9,Product_9,Makeup,5,79,395
684,964,2024-11-07,2024-11-01,2024,Returned,False,25,Italy,2023-01-31,42,Product_42,Skin,4,87,348
685,988,2024-05-31,2024-05-01,2024,Returned,False,148,Morocco,2024-04-02,31,Product_31,Body,1,77,77
686,844,2024-11-23,2024-11-01,2024,Completed,True,236,Morocco,2023-01-02,7,Product_7,Hair,1,99,99
687,38,2024-08-16,2024-08-01,2024,Completed,True,89,Morocco,2024-03-04,4,Product_4,Body,1,112,112
688,511,2024-03-24,2024-03-01,2024,Completed,True,194,Morocco,2024-03-12,19,Product_19,Makeup,4,26,104
689,420,2024-02-14,2024-02-01,2024,Completed,True,268,France,2023-05-10,42,Product_42,Skin,2,28,56
690,751,2024-07-13,2024-07-01,2024,Completed,True,273,Germany,2023-08-16,30,Product_30,Hair,5,60,300
691,169,2024-09-02,2024-09-01,2024,Completed,True,113,Spain,2024-04-12,31,Product_31,Body,4,79,316
692,965,2024-08-28,2024-08-01,2024,Completed,True,90,Italy,2023-08-23,35,Product_35,Skin,2,72,144
693,909,2024-06-02,2024-06-01,2024,Completed,True,157,Morocco,2024-04-07,21,Product_21,Hair,2,102,204
694,343,2024-08-02,2024-08-01,2024,Completed,True,262,Morocco,2023-10-03,31,Product_31,Body,4,84,336
695,826,2024-06-05,2024-06-01,2024,Completed,True,259,Spain,2024-03-15,19,Product_19,Makeup,4,89,356
696,306,2024-12-09,2024-12-01,2024,Completed,True,299,France,2023-03-02,31,Product_31,Body,2,39,78
697,542,2024-01-08,2024-01-01,2024,Returned,False,58,Morocco,2023-12-05,32,Product_32,Body,2,34,68
698,702,2024-03-06,2024-03-01,2024,Completed,True,233,Spain,2023-05-29,2,Product_2,Skin,2,113,226
699,869,2024-06-07,2024-06-01,2024,Returned,False,14,Italy,2023-01-04,10,Product_10,Hair,4,84,336
700,537,2024-03-12,2024-03-01,2024,Completed,True,1,Spain,2023-05-15,2,Product_2,Skin,2,80,160
701,112,2024-10-19,2024-10-01,2024,Completed,True,63,Spain,2024-03-03,2,Product_2,Skin,1,35,35
702,411,2024-06-16,2024-06-01,2024,Completed,True,247,Spain,2024-05-12,24,Product_24,Hair,4,65,260
703,947,2024-05-23,2024-05-01,2024,Completed,True,297,Germany,2023-12-23,17,Product_17,Hair,1,31,31
704,206,2024-01-17,2024-01-01,2024,Completed,True,129,France,2024-03-29,32,Product_32,Body,3,98,294
705,185,2024-10-22,2024-10-01,2024,Completed,True,184,France,2024-04-21,16,Product_16,Makeup,4,28,112
706,382,2024-11-23,2024-11-01,2024,Completed,True,185,France,2023-06-07,16,Product_16,Makeup,3,40,120
707,496,2024-03-19,2024-03-01,2024,Completed,True,235,France,2023-09-24,46,Product_46,Makeup,2,35,70
708,379,2024-08-13,2024-08-01,2024,Completed,True,154,Morocco,2023-05-27,39,Product_39,Hair,2,51,102
709,47,2024-03-18,2024-03-01,2024,Completed,True,81,Spain,2023-05-15,31,Product_31,Body,5,50,250
710,886,2024-05-22,2024-05-01,2024,Returned,False,42,Italy,2024-01-07,43,Product_43,Hair,2,109,218
711,740,2024-12-10,2024-12-01,2024,Completed,True,238,Spain,2024-02-29,24,Product_24,Hair,3,32,96
712,551,2024-11-11,2024-11-01,2024,Completed,True,252,Germany,2023-12-28,1,Product_1,Body,2,56,112
713,528,2024-06-11,2024-06-01,2024,Completed,True,39,Morocco,2024-02-15,11,Product_11,Makeup,4,22,88
714,504,2024-09-27,2024-09-01,2024,Completed,True,7,Spain,2024-04-07,21,Product_21,Hair,2,98,196
715,22,2024-06-10,2024-06-01,2024,Completed,True,236,Morocco,2023-01-02,4,Product_4,Body,5,75,375
716,213,2024-03-20,2024-03-01,2024,Completed,True,144,France,2023-06-22,7,Product_7,Hair,2,75,150
717,310,2024-03-01,2024-03-01,2024,Completed,True,170,Morocco,2023-09-07,26,Product_26,Makeup,3,25,75
718,661,2024-04-28,2024-04-01,2024,Completed,True,247,Spain,2024-05-12,47,Product_47,Hair,3,82,246
719,968,2024-03-24,2024-03-01,2024,Completed,True,210,Morocco,2023-05-07,50,Product_50,Skin,2,37,74
720,753,2024-09-26,2024-09-01,2024,Completed,True,86,Morocco,2024-02-17,12,Product_12,Skin,3,86,258
721,272,2024-06-18,2024-06-01,2024,Completed,True,17,Morocco,2023-06-15,31,Product_31,Body,3,44,132
722,571,2024-03-12,2024-03-01,2024,Completed,True,164,Germany,2024-03-25,17,Product_17,Hair,5,50,250
723,799,2024-10-02,2024-10-01,2024,Completed,True,220,France,2024-01-29,33,Product_33,Hair,4,86,344
724,938,2024-10-16,2024-10-01,2024,Returned,False,133,Germany,2023-05-31,11,Product_11,Makeup,5,40,200
725,202,2024-10-01,2024-10-01,2024,Completed,True,148,Morocco,2024-04-02,28,Product_28,Hair,1,94,94
726,32,2024-11-18,2024-11-01,2024,Completed,True,244,Italy,2023-07-15,32,Product_32,Body,5,41,205
727,443,2024-07-24,2024-07-01,2024,Completed,True,249,Italy,2023-06-02,1,Product_1,Body,2,63,126
728,162,2024-08-19,2024-08-01,2024,Returned,False,268,France,2023-05-10,47,Product_47,Hair,4,107,428
729,767,2024-03-04,2024-03-01,2024,Completed,True,228,Germany,2023-10-12,28,Product_28,Hair,2,81,162
730,254,2024-07-06,2024-07-01,2024,Completed,True,238,Spain,2024-02-29,42,Product_42,Skin,1,68,68
731,521,2024-03-24,2024-03-01,2024,Completed,True,252,Germany,2023-12-28,7,Product_7,Hair,4,50,200
732,977,2024-10-03,2024-10-01,2024,Cancelled,False,198,Germany,2023-05-02,2,Product_2,Skin,3,75,225
733,651,2024-01-25,2024-01-01,2024,Cancelled,False,103,Italy,2023-03-22,42,Product_42,Skin,5,111,555
734,480,2024-01-22,2024-01-01,2024,Completed,True,25,Italy,2023-01-31,24,Product_24,Hair,2,105,210
735,10,2024-04-22,2024-04-01,2024,Completed,True,88,Italy,2023-12-09,4,Product_4,Body,1,63,63
736,726,2024-01-02,2024-01-01,2024,Completed,True,207,Germany,2023-03-18,44,Product_44,Body,3,49,147
737,505,2024-10-11,2024-10-01,2024,Completed,True,174,Italy,2023-08-09,19,Product_19,Makeup,5,37,185
738,785,2024-01-20,2024-01-01,2024,Completed,True,70,Morocco,2023-08-03,26,Product_26,Makeup,3,46,138
739,836,2024-08-05,2024-08-01,2024,Completed,True,84,France,2023-04-06,11,Product_11,Makeup,5,114,570
740,560,2024-08-15,2024-08-01,2024,Completed,True,143,Italy,2023-08-24,40,Product_40,Hair,4,74,296
741,436,2024-06-08,2024-06-01,2024,Completed,True,115,Italy,2023-12-22,50,Product_50,Skin,3,114,342
742,111,2024-08-02,2024-08-01,2024,Completed,True,179,Spain,2023-05-08,43,Product_43,Hair,3,83,249
743,153,2024-01-29,2024-01-01,2024,Returned,False,234,Germany,2023-07-23,11,Product_11,Makeup,3,64,192
744,635,2024-04-20,2024-04-01,2024,Returned,False,154,Morocco,2023-05-27,45,Product_45,Body,4,13,52
745,917,2024-09-27,2024-09-01,2024,Returned,False,115,Italy,2023-12-22,3,Product_3,Hair,1,108,108
746,869,2024-06-07,2024-06-01,2024,Returned,False,14,Italy,2023-01-04,12,Product_12,Skin,5,19,95
747,102,2024-07-19,2024-07-01,2024,Returned,False,131,Spain,2024-04-08,3,Product_3,Hair,3,56,168
748,753,2024-09-26,2024-09-01,2024,Completed,True,86,Morocco,2024-02-17,42,Product_42,Skin,4,84,336
749,833,2024-07-11,2024-07-01,2024,Completed,True,13,Italy,2024-02-10,27,Product_27,Makeup,1,23,23
750,191,2024-02-11,2024-02-01,2024,Returned,False,198,Germany,2023-05-02,49,Product_49,Makeup,5,47,235
751,729,2024-02-10,2024-02-01,2024,Completed,True,214,Italy,2023-04-01,2,Product_2,Skin,4,21,84
752,563,2024-11-14,2024-11-01,2024,Cancelled,False,259,Spain,2024-03-15,49,Product_49,Makeup,5,54,270
753,804,2024-10-25,2024-10-01,2024,Completed,True,94,Germany,2024-04-25,16,Product_16,Makeup,3,26,78
754,81,2024-12-20,2024-12-01,2024,Completed,True,81,Spain,2023-05-15,2,Product_2,Skin,1,89,89
755,489,2024-06-12,2024-06-01,2024,Cancelled,False,186,Germany,2023-01-29,30,Product_30,Hair,4,44,176
756,895,2024-10-17,2024-10-01,2024,Returned,False,289,Italy,2023-05-28,20,Product_20,Hair,1,75,75
757,88,2024-04-29,2024-04-01,2024,Completed,True,135,France,2023-09-23,38,Product_38,Makeup,3,84,252
758,194,2024-10-17,2024-10-01,2024,Completed,True,97,Spain,2023-12-17,28,Product_28,Hair,1,50,50
759,104,2024-10-04,2024-10-01,2024,Cancelled,False,5,Italy,2024-02-05,25,Product_25,Hair,1,76,76
760,783,2024-05-09,2024-05-01,2024,Completed,True,277,Germany,2023-07-19,32,Product_32,Body,2,38,76
761,96,2024-01-14,2024-01-01,2024,Completed,True,99,Italy,2024-01-09,10,Product_10,Hair,1,27,27
762,423,2024-06-18,2024-06-01,2024,Completed,True,43,France,2023-06-22,42,Product_42,Skin,5,29,145
763,891,2024-11-11,2024-11-01,2024,Completed,True,231,Morocco,2024-02-18,40,Product_40,Hair,4,23,92
764,198,2024-06-20,2024-06-01,2024,Completed,True,259,Spain,2024-03-15,33,Product_33,Hair,2,43,86
765,1,2024-10-31,2024-10-01,2024,Completed,True,103,Italy,2023-03-22,13,Product_13,Skin,4,58,232
766,407,2024-09-18,2024-09-01,2024,Completed,True,257,Italy,2023-09-06,41,Product_41,Skin,4,63,252
767,378,2024-09-17,2024-09-01,2024,Completed,True,76,Spain,2023-02-07,42,Product_42,Skin,3,40,120
768,167,2024-04-20,2024-04-01,2024,Completed,True,81,Spain,2023-05-15,47,Product_47,Hair,3,67,201
769,509,2024-05-09,2024-05-01,2024,Cancelled,False,283,Italy,2023-01-21,37,Product_37,Makeup,2,113,226
770,638,2024-03-24,2024-03-01,2024,Completed,True,118,Morocco,2023-04-19,16,Product_16,Makeup,3,51,153
771,313,2024-11-14,2024-11-01,2024,Completed,True,13,Italy,2024-02-10,45,Product_45,Body,3,67,201
772,593,2024-11-05,2024-11-01,2024,Completed,True,286,Spain,2023-10-06,22,Product_22,Makeup,3,91,273
773,418,2024-09-25,2024-09-01,2024,Completed,True,179,Spain,2023-05-08,20,Product_20,Hair,4,39,156
774,763,2024-09-20,2024-09-01,2024,Completed,True,233,Spain,2023-05-29,50,Product_50,Skin,2,34,68
775,681,2024-12-18,2024-12-01,2024,Completed,True,151,Germany,2023-06-06,43,Product_43,Hair,4,72,288
776,477,2024-01-17,2024-01-01,2024,Completed,True,144,France,2023-06-22,27,Product_27,Makeup,5,28,140
777,73,2024-04-28,2024-04-01,2024,Returned,False,157,Morocco,2024-04-07,41,Product_41,Skin,4,81,324
778,141,2024-07-08,2024-07-01,2024,Completed,True,231,Morocco,2024-02-18,16,Product_16,Makeup,5,101,505
779,582,2024-10-15,2024-10-01,2024,Completed,True,201,France,2024-01-16,34,Product_34,Hair,1,17,17
780,262,2024-02-08,2024-02-01,2024,Returned,False,226,Morocco,2024-03-13,32,Product_32,Body,1,104,104
781,340,2024-09-17,2024-09-01,2024,Completed,True,5,Italy,2024-02-05,26,Product_26,Makeup,5,12,60
782,308,2024-07-05,2024-07-01,2024,Cancelled,False,176,France,2023-09-01,25,Product_25,Hair,5,76,380
783,245,2024-08-02,2024-08-01,2024,Completed,True,68,Morocco,2023-12-02,2,Product_2,Skin,4,117,468
784,515,2024-12-02,2024-12-01,2024,Completed,True,136,Spain,2023-07-01,12,Product_12,Skin,5,95,475
785,337,2024-09-15,2024-09-01,2024,Completed,True,53,France,2023-11-04,40,Product_40,Hair,2,90,180
786,575,2024-12-03,2024-12-01,2024,Cancelled,False,178,France,2023-11-20,9,Product_9,Makeup,1,109,109
787,561,2024-01-09,2024-01-01,2024,Completed,True,1,Spain,2023-05-15,12,Product_12,Skin,1,26,26
788,76,2024-10-19,2024-10-01,2024,Cancelled,False,9,Morocco,2023-08-09,26,Product_26,Makeup,5,23,115
789,880,2024-11-26,2024-11-01,2024,Completed,True,104,Spain,2023-02-05,9,Product_9,Makeup,3,18,54
790,175,2024-08-26,2024-08-01,2024,Cancelled,False,225,Morocco,2023-03-02,10,Product_10,Hair,3,71,213
791,109,2024-04-18,2024-04-01,2024,Completed,True,15,Morocco,2023-09-01,32,Product_32,Body,5,103,515
792,183,2024-03-13,2024-03-01,2024,Completed,True,247,Spain,2024-05-12,34,Product_34,Hair,2,30,60
793,192,2024-01-25,2024-01-01,2024,Completed,True,240,France,2024-04-26,48,Product_48,Hair,3,85,255
794,65,2024-07-06,2024-07-01,2024,Completed,True,208,Morocco,2024-04-07,20,Product_20,Hair,5,46,230
795,849,2024-05-26,2024-05-01,2024,Completed,True,296,France,2023-06-11,39,Product_39,Hair,2,105,210
796,963,2024-03-11,2024-03-01,2024,Completed,True,244,Italy,2023-07-15,2,Product_2,Skin,2,20,40
797,474,2024-11-19,2024-11-01,2024,Completed,True,206,Spain,2023-12-28,1,Product_1,Body,4,29,116
798,783,2024-05-09,2024-05-01,2024,Completed,True,277,Germany,2023-07-19,36,Product_36,Skin,2,44,88
799,100,2024-10-07,2024-10-01,2024,Cancelled,False,227,Spain,2023-09-21,24,Product_24,Hair,3,62,186
800,544,2024-01-27,2024-01-01,2024,Returned,False,173,Morocco,2024-04-28,27,Product_27,Makeup,3,56,168
801,864,2024-06-24,2024-06-01,2024,Cancelled,False,42,Italy,2024-01-07,2,Product_2,Skin,5,119,595
802,128,2024-12-27,2024-12-01,2024,Completed,True,86,Morocco,2024-02-17,31,Product_31,Body,5,84,420
803,452,2024-08-20,2024-08-01,2024,Cancelled,False,151,Germany,2023-06-06,14,Product_14,Body,2,61,122
804,914,2024-10-19,2024-10-01,2024,Completed,True,173,Morocco,2024-04-28,2,Product_2,Skin,1,17,17
805,369,2024-01-29,2024-01-01,2024,Completed,True,48,Italy,2023-12-24,29,Product_29,Makeup,4,13,52
806,851,2024-05-21,2024-05-01,2024,Completed,True,267,Spain,2024-02-15,15,Product_15,Makeup,1,36,36
807,43,2024-09-20,2024-09-01,2024,Completed,True,92,Spain,2023-09-01,12,Product_12,Skin,2,53,106
808,884,2024-03-29,2024-03-01,2024,Completed,True,67,Spain,2023-03-29,37,Product_37,Makeup,2,49,98
809,419,2024-12-28,2024-12-01,2024,Completed,True,101,Germany,2024-01-10,28,Product_28,Hair,1,111,111
810,488,2024-07-22,2024-07-01,2024,Returned,False,42,Italy,2024-01-07,20,Product_20,Hair,4,56,224
811,78,2024-08-09,2024-08-01,2024,Completed,True,136,Spain,2023-07-01,39,Product_39,Hair,1,103,103
812,826,2024-06-05,2024-06-01,2024,Completed,True,259,Spain,2024-03-15,24,Product_24,Hair,5,53,265
813,801,2024-08-29,2024-08-01,2024,Completed,True,4,France,2023-01-03,21,Product_21,Hair,3,57,171
814,270,2024-11-06,2024-11-01,2024,Completed,True,192,Italy,2023-08-10,10,Product_10,Hair,5,100,500
815,674,2024-02-28,2024-02-01,2024,Completed,True,205,Morocco,2023-10-24,46,Product_46,Makeup,3,94,282
816,701,2024-08-15,2024-08-01,2024,Completed,True,133,Germany,2023-05-31,14,Product_14,Body,2,61,122
817,759,2024-12-26,2024-12-01,2024,Cancelled,False,212,Morocco,2023-08-09,37,Product_37,Makeup,4,93,372
818,900,2024-11-25,2024-11-01,2024,Completed,True,5,Italy,2024-02-05,18,Product_18,Makeup,1,77,77
819,728,2024-11-20,2024-11-01,2024,Completed,True,56,Italy,2023-04-07,24,Product_24,Hair,4,20,80
820,315,2024-12-09,2024-12-01,2024,Completed,True,173,Morocco,2024-04-28,14,Product_14,Body,1,86,86
821,925,2024-12-01,2024-12-01,2024,Completed,True,11,Morocco,2024-01-03,34,Product_34,Hair,5,82,410
822,851,2024-05-21,2024-05-01,2024,Completed,True,267,Spain,2024-02-15,12,Product_12,Skin,5,13,65
823,902,2024-01-03,2024-01-01,2024,Completed,True,118,Morocco,2023-04-19,22,Product_22,Makeup,1,85,85
824,889,2024-07-17,2024-07-01,2024,Completed,True,157,Morocco,2024-04-07,6,Product_6,Body,4,82,328
825,993,2024-10-19,2024-10-01,2024,Completed,True,257,Italy,2023-09-06,36,Product_36,Skin,1,86,86
826,945,2024-10-17,2024-10-01,2024,Completed,True,29,Germany,2023-07-26,45,Product_45,Body,2,57,114
827,168,2024-05-31,2024-05-01,2024,Completed,True,187,Morocco,2024-02-14,36,Product_36,Skin,5,35,175
828,339,2024-01-05,2024-01-01,2024,Completed,True,108,Italy,2023-06-04,22,Product_22,Makeup,2,111,222
829,193,2024-02-08,2024-02-01,2024,Completed,True,144,France,2023-06-22,14,Product_14,Body,5,115,575
830,453,2024-01-17,2024-01-01,2024,Completed,True,190,Spain,2023-10-20,16,Product_16,Makeup,5,86,430
831,283,2024-01-29,2024-01-01,2024,Cancelled,False,95,Spain,2023-11-23,36,Product_36,Skin,3,48,144
832,336,2024-08-28,2024-08-01,2024,Completed,True,264,France,2023-01-02,25,Product_25,Hair,2,101,202
833,390,2024-03-21,2024-03-01,2024,Returned,False,218,Germany,2024-04-12,32,Product_32,Body,2,67,134
834,1000,2024-06-15,2024-06-01,2024,Completed,True,285,Spain,2023-07-21,33,Product_33,Hair,3,28,84
835,525,2024-02-27,2024-02-01,2024,Completed,True,91,Italy,2023-12-15,45,Product_45,Body,4,97,388
836,240,2024-01-07,2024-01-01,2024,Completed,True,194,Morocco,2024-03-12,36,Product_36,Skin,2,92,184
837,832,2024-10-16,2024-10-01,2024,Completed,True,172,Italy,2023-07-18,20,Product_20,Hair,1,86,86
838,958,2024-12-16,2024-12-01,2024,Completed,True,202,Spain,2023-02-18,18,Product_18,Makeup,3,86,258
839,483,2024-11-01,2024-11-01,2024,Completed,True,144,France,2023-06-22,38,Product_38,Makeup,2,67,134
840,659,2024-06-21,2024-06-01,2024,Completed,True,166,Morocco,2023-12-14,3,Product_3,Hair,4,37,148
841,716,2024-08-12,2024-08-01,2024,Completed,True,107,Italy,2024-01-05,23,Product_23,Body,2,75,150
842,592,2024-03-20,2024-03-01,2024,Completed,True,10,Italy,2024-01-05,32,Product_32,Body,5,19,95
843,891,2024-11-11,2024-11-01,2024,Completed,True,231,Morocco,2024-02-18,45,Product_45,Body,1,95,95
844,555,2024-08-09,2024-08-01,2024,Cancelled,False,147,Germany,2024-05-08,16,Product_16,Makeup,3,86,258
845,458,2024-12-09,2024-12-01,2024,Completed,True,13,Italy,2024-02-10,5,Product_5,Skin,5,67,335
846,89,2024-02-28,2024-02-01,2024,Completed,True,201,France,2024-01-16,4,Product_4,Body,4,82,328
847,660,2024-08-08,2024-08-01,2024,Completed,True,30,Germany,2023-04-17,21,Product_21,Hair,5,106,530
848,95,2024-07-27,2024-07-01,2024,Completed,True,293,Germany,2023-11-04,40,Product_40,Hair,5,23,115
849,452,2024-08-20,2024-08-01,2024,Cancelled,False,151,Germany,2023-06-06,14,Product_14,Body,4,93,372
850,428,2024-01-07,2024-01-01,2024,Completed,True,253,Morocco,2023-05-19,39,Product_39,Hair,5,24,120
851,151,2024-10-18,2024-10-01,2024,Completed,True,165,Italy,2023-04-05,31,Product_31,Body,3,105,315
852,514,2024-07-13,2024-07-01,2024,Completed,True,165,Italy,2023-04-05,14,Product_14,Body,2,42,84
853,376,2024-02-09,2024-02-01,2024,Completed,True,278,Spain,2024-03-25,6,Product_6,Body,5,26,130
854,22,2024-06-10,2024-06-01,2024,Completed,True,236,Morocco,2023-01-02,12,Product_12,Skin,3,33,99
855,883,2024-11-05,2024-11-01,2024,Completed,True,134,Italy,2023-08-28,16,Product_16,Makeup,2,39,78
856,313,2024-11-14,2024-11-01,2024,Completed,True,13,Italy,2024-02-10,17,Product_17,Hair,2,71,142
857,997,2024-01-19,2024-01-01,2024,Completed,True,211,Italy,2023-07-16,45,Product_45,Body,5,22,110
858,840,2024-05-15,2024-05-01,2024,Completed,True,38,Morocco,2024-05-03,23,Product_23,Body,3,71,213
859,519,2024-10-29,2024-10-01,2024,Completed,True,292,Germany,2023-12-27,14,Product_14,Body,5,56,280
860,206,2024-01-17,2024-01-01,2024,Completed,True,129,France,2024-03-29,7,Product_7,Hair,4,25,100
861,952,2024-03-17,2024-03-01,2024,Completed,True,110,Spain,2023-04-21,46,Product_46,Makeup,2,75,150
862,375,2024-01-09,2024-01-01,2024,Completed,True,69,Germany,2024-02-13,32,Product_32,Body,5,90,450
863,451,2024-04-22,2024-04-01,2024,Completed,True,152,Morocco,2023-09-15,15,Product_15,Makeup,2,105,210
864,626,2024-02-10,2024-02-01,2024,Returned,False,51,Germany,2024-02-03,44,Product_44,Body,3,52,156
865,784,2024-10-19,2024-10-01,2024,Completed,True,198,Germany,2023-05-02,17,Product_17,Hair,1,17,17
866,595,2024-04-01,2024-04-01,2024,Completed,True,251,Morocco,2024-04-10,41,Product_41,Skin,5,12,60
867,179,2024-12-02,2024-12-01,2024,Completed,True,172,Italy,2023-07-18,47,Product_47,Hair,5,21,105
868,210,2024-10-29,2024-10-01,2024,Completed,True,99,Italy,2024-01-09,44,Product_44,Body,2,93,186
869,500,2024-10-11,2024-10-01,2024,Completed,True,9,Morocco,2023-08-09,34,Product_34,Hair,3,25,75
870,464,2024-08-11,2024-08-01,2024,Completed,True,84,France,2023-04-06,5,Product_5,Skin,4,87,348
871,840,2024-05-15,2024-05-01,2024,Completed,True,38,Morocco,2024-05-03,45,Product_45,Body,3,89,267
872,124,2024-06-01,2024-06-01,2024,Completed,True,13,Italy,2024-02-10,27,Product_27,Makeup,5,68,340
873,993,2024-10-19,2024-10-01,2024,Completed,True,257,Italy,2023-09-06,23,Product_23,Body,4,58,232
874,113,2024-03-15,2024-03-01,2024,Completed,True,231,Morocco,2024-02-18,40,Product_40,Hair,3,72,216
875,12,2024-08-09,2024-08-01,2024,Completed,True,152,Morocco,2023-09-15,14,Product_14,Body,1,71,71
876,126,2024-03-27,2024-03-01,2024,Completed,True,187,Morocco,2024-02-14,15,Product_15,Makeup,2,116,232
877,565,2024-04-26,2024-04-01,2024,Completed,True,12,France,2024-03-11,43,Product_43,Hair,3,58,174
878,331,2024-11-25,2024-11-01,2024,Completed,True,180,Italy,2023-04-03,33,Product_33,Hair,3,60,180
879,901,2024-09-21,2024-09-01,2024,Completed,True,123,Spain,2024-03-14,31,Product_31,Body,1,42,42
880,283,2024-01-29,2024-01-01,2024,Cancelled,False,95,Spain,2023-11-23,35,Product_35,Skin,5,39,195
881,140,2024-06-21,2024-06-01,2024,Completed,True,128,Italy,2024-03-20,17,Product_17,Hair,2,68,136
882,401,2024-02-09,2024-02-01,2024,Completed,True,290,Germany,2024-04-02,28,Product_28,Hair,3,85,255
883,902,2024-01-03,2024-01-01,2024,Completed,True,118,Morocco,2023-04-19,19,Product_19,Makeup,4,24,96
884,97,2024-01-09,2024-01-01,2024,Returned,False,172,Italy,2023-07-18,46,Product_46,Makeup,3,91,273
885,517,2024-04-01,2024-04-01,2024,Completed,True,217,Italy,2023-02-01,23,Product_23,Body,2,101,202
886,569,2024-07-23,2024-07-01,2024,Completed,True,8,France,2023-04-20,32,Product_32,Body,3,32,96
887,924,2024-04-16,2024-04-01,2024,Completed,True,148,Morocco,2024-04-02,40,Product_40,Hair,1,87,87
888,846,2024-10-28,2024-10-01,2024,Completed,True,76,Spain,2023-02-07,13,Product_13,Skin,3,103,309
889,69,2024-07-15,2024-07-01,2024,Returned,False,217,Italy,2023-02-01,20,Product_20,Hair,3,106,318
890,118,2024-02-11,2024-02-01,2024,Cancelled,False,231,Morocco,2024-02-18,35,Product_35,Skin,4,54,216
891,888,2024-03-16,2024-03-01,2024,Completed,True,111,France,2023-06-17,5,Product_5,Skin,1,71,71
892,59,2024-05-30,2024-05-01,2024,Completed,True,271,France,2023-08-29,9,Product_9,Makeup,1,88,88
893,33,2024-09-11,2024-09-01,2024,Completed,True,131,Spain,2024-04-08,29,Product_29,Makeup,3,80,240
894,318,2024-11-28,2024-11-01,2024,Completed,True,142,Germany,2024-03-15,6,Product_6,Body,4,24,96
895,50,2024-10-28,2024-10-01,2024,Completed,True,54,Morocco,2023-06-12,25,Product_25,Hair,3,115,345
896,880,2024-11-26,2024-11-01,2024,Completed,True,104,Spain,2023-02-05,31,Product_31,Body,3,55,165
897,489,2024-06-12,2024-06-01,2024,Cancelled,False,186,Germany,2023-01-29,22,Product_22,Makeup,2,73,146
898,19,2024-05-10,2024-05-01,2024,Returned,False,161,Germany,2023-12-24,2,Product_2,Skin,2,111,222
899,726,2024-01-02,2024-01-01,2024,Completed,True,207,Germany,2023-03-18,45,Product_45,Body,4,55,220
900,197,2024-04-17,2024-04-01,2024,Completed,True,187,Morocco,2024-02-14,5,Product_5,Skin,5,65,325
901,891,2024-11-11,2024-11-01,2024,Completed,True,231,Morocco,2024-02-18,27,Product_27,Makeup,2,53,106
902,450,2024-06-03,2024-06-01,2024,Completed,True,96,Germany,2024-01-31,25,Product_25,Hair,5,84,420
903,990,2024-02-18,2024-02-01,2024,Returned,False,63,Spain,2024-03-03,8,Product_8,Body,1,38,38
904,559,2024-12-05,2024-12-01,2024,Returned,False,14,Italy,2023-01-04,1,Product_1,Body,2,104,208
905,679,2024-04-02,2024-04-01,2024,Cancelled,False,111,France,2023-06-17,20,Product_20,Hair,2,71,142
906,452,2024-08-20,2024-08-01,2024,Cancelled,False,151,Germany,2023-06-06,44,Product_44,Body,4,98,392
907,289,2024-08-23,2024-08-01,2024,Returned,False,161,Germany,2023-12-24,23,Product_23,Body,5,61,305
908,141,2024-07-08,2024-07-01,2024,Completed,True,231,Morocco,2024-02-18,32,Product_32,Body,2,63,126
909,84,2024-10-06,2024-10-01,2024,Completed,True,261,Morocco,2023-10-31,11,Product_11,Makeup,2,97,194
910,694,2024-02-19,2024-02-01,2024,Completed,True,51,Germany,2024-02-03,39,Product_39,Hair,4,66,264
911,391,2024-04-23,2024-04-01,2024,Completed,True,39,Morocco,2024-02-15,47,Product_47,Hair,4,92,368
912,591,2024-06-08,2024-06-01,2024,Completed,True,197,Italy,2023-09-08,24,Product_24,Hair,5,75,375
913,215,2024-12-04,2024-12-01,2024,Completed,True,60,Spain,2024-04-15,11,Product_11,Makeup,1,31,31
914,526,2024-01-15,2024-01-01,2024,Returned,False,202,Spain,2023-02-18,29,Product_29,Makeup,1,29,29
915,215,2024-12-04,2024-12-01,2024,Completed,True,60,Spain,2024-04-15,26,Product_26,Makeup,3,42,126
916,403,2024-02-09,2024-02-01,2024,Completed,True,223,Spain,2023-12-15,16,Product_16,Makeup,2,81,162
917,128,2024-12-27,2024-12-01,2024,Completed,True,86,Morocco,2024-02-17,35,Product_35,Skin,5,34,170
918,822,2024-01-08,2024-01-01,2024,Completed,True,142,Germany,2024-03-15,20,Product_20,Hair,2,55,110
919,477,2024-01-17,2024-01-01,2024,Completed,True,144,France,2023-06-22,46,Product_46,Makeup,5,82,410
920,760,2024-09-13,2024-09-01,2024,Returned,False,25,Italy,2023-01-31,3,Product_3,Hair,5,107,535
921,404,2024-12-12,2024-12-01,2024,Completed,True,250,Germany,2023-06-07,1,Product_1,Body,5,66,330
922,29,2024-11-16,2024-11-01,2024,Completed,True,175,Italy,2023-01-24,47,Product_47,Hair,2,96,192
923,792,2024-09-01,2024-09-01,2024,Completed,True,243,France,2024-03-10,1,Product_1,Body,4,14,56
924,338,2024-09-18,2024-09-01,2024,Completed,True,60,Spain,2024-04-15,17,Product_17,Hair,2,64,128
925,831,2024-06-23,2024-06-01,2024,Completed,True,138,Morocco,2024-02-29,2,Product_2,Skin,5,70,350
926,714,2024-02-09,2024-02-01,2024,Completed,True,239,Spain,2023-07-13,29,Product_29,Makeup,3,98,294
927,361,2024-11-24,2024-11-01,2024,Completed,True,58,Morocco,2023-12-05,20,Product_20,Hair,1,17,17
928,569,2024-07-23,2024-07-01,2024,Completed,True,8,France,2023-04-20,6,Product_6,Body,5,25,125
929,392,2024-02-09,2024-02-01,2024,Completed,True,100,Italy,2024-02-08,8,Product_8,Body,3,57,171
930,218,2024-03-21,2024-03-01,2024,Completed,True,140,Morocco,2024-02-05,29,Product_29,Makeup,4,118,472
931,574,2024-11-15,2024-11-01,2024,Cancelled,False,186,Germany,2023-01-29,48,Product_48,Hair,5,70,350
932,669,2024-05-29,2024-05-01,2024,Completed,True,273,Germany,2023-08-16,33,Product_33,Hair,3,24,72
933,202,2024-10-01,2024-10-01,2024,Completed,True,148,Morocco,2024-04-02,3,Product_3,Hair,5,74,370
934,17,2024-02-24,2024-02-01,2024,Completed,True,192,Italy,2023-08-10,35,Product_35,Skin,2,31,62
935,322,2024-02-21,2024-02-01,2024,Completed,True,215,Germany,2024-02-15,5,Product_5,Skin,3,12,36
936,518,2024-01-21,2024-01-01,2024,Returned,False,132,Germany,2023-10-07,27,Product_27,Makeup,2,111,222
937,570,2024-07-27,2024-07-01,2024,Cancelled,False,122,Germany,2023-06-10,44,Product_44,Body,2,63,126
938,325,2024-03-12,2024-03-01,2024,Completed,True,186,Germany,2023-01-29,12,Product_12,Skin,3,23,69
939,412,2024-04-01,2024-04-01,2024,Completed,True,258,Morocco,2023-10-06,20,Product_20,Hair,1,45,45
940,318,2024-11-28,2024-11-01,2024,Completed,True,142,Germany,2024-03-15,45,Product_45,Body,3,91,273
941,681,2024-12-18,2024-12-01,2024,Completed,True,151,Germany,2023-06-06,20,Product_20,Hair,1,114,114
942,965,2024-08-28,2024-08-01,2024,Completed,True,90,Italy,2023-08-23,9,Product_9,Makeup,5,91,455
943,82,2024-12-07,2024-12-01,2024,Cancelled,False,163,Spain,2023-07-27,39,Product_39,Hair,5,76,380
944,474,2024-11-19,2024-11-01,2024,Completed,True,206,Spain,2023-12-28,4,Product_4,Body,3,19,57
945,468,2024-08-09,2024-08-01,2024,Returned,False,177,Spain,2024-02-27,19,Product_19,Makeup,5,58,290
946,425,2024-07-09,2024-07-01,2024,Completed,True,285,Spain,2023-07-21,38,Product_38,Makeup,4,112,448
947,945,2024-10-17,2024-10-01,2024,Completed,True,29,Germany,2023-07-26,27,Product_27,Makeup,2,74,148
948,731,2024-11-11,2024-11-01,2024,Completed,True,28,Morocco,2024-02-04,45,Product_45,Body,2,100,200
949,689,2024-01-04,2024-01-01,2024,Cancelled,False,155,France,2024-01-26,43,Product_43,Hair,1,66,66
950,204,2024-02-13,2024-02-01,2024,Completed,True,128,Italy,2024-03-20,13,Product_13,Skin,5,36,180
951,583,2024-04-11,2024-04-01,2024,Completed,True,212,Morocco,2023-08-09,13,Product_13,Skin,1,84,84
952,387,2024-11-11,2024-11-01,2024,Completed,True,94,Germany,2024-04-25,22,Product_22,Makeup,2,14,28
953,778,2024-06-04,2024-06-01,2024,Completed,True,282,France,2024-05-06,28,Product_28,Hair,2,80,160
954,98,2024-02-09,2024-02-01,2024,Completed,True,214,Italy,2023-04-01,47,Product_47,Hair,5,92,460
955,345,2024-01-09,2024-01-01,2024,Completed,True,144,France,2023-06-22,45,Product_45,Body,4,66,264
956,803,2024-09-07,2024-09-01,2024,Completed,True,118,Morocco,2023-04-19,22,Product_22,Makeup,4,102,408
957,208,2024-02-26,2024-02-01,2024,Returned,False,151,Germany,2023-06-06,43,Product_43,Hair,5,24,120
958,514,2024-07-13,2024-07-01,2024,Completed,True,165,Italy,2023-04-05,19,Product_19,Makeup,5,108,540
959,636,2024-09-07,2024-09-01,2024,Completed,True,250,Germany,2023-06-07,8,Product_8,Body,1,110,110
960,792,2024-09-01,2024-09-01,2024,Completed,True,243,France,2024-03-10,8,Product_8,Body,5,85,425
961,586,2024-06-27,2024-06-01,2024,Completed,True,46,Italy,2023-12-25,42,Product_42,Skin,4,39,156
962,166,2024-02-24,2024-02-01,2024,Completed,True,113,Spain,2024-04-12,26,Product_26,Makeup,5,29,145
963,22,2024-06-10,2024-06-01,2024,Completed,True,236,Morocco,2023-01-02,48,Product_48,Hair,1,46,46
964,154,2024-05-28,2024-05-01,2024,Completed,True,172,Italy,2023-07-18,26,Product_26,Makeup,1,12,12
965,939,2024-11-29,2024-11-01,2024,Completed,True,293,Germany,2023-11-04,23,Product_23,Body,1,82,82
966,439,2024-02-08,2024-02-01,2024,Completed,True,114,Morocco,2023-05-22,43,Product_43,Hair,1,50,50
967,295,2024-06-25,2024-06-01,2024,Completed,True,54,Morocco,2023-06-12,13,Product_13,Skin,3,48,144
968,219,2024-08-02,2024-08-01,2024,Completed,True,37,Italy,2023-08-29,28,Product_28,Hair,5,35,175
969,669,2024-05-29,2024-05-01,2024,Completed,True,273,Germany,2023-08-16,9,Product_9,Makeup,2,11,22
970,495,2024-05-13,2024-05-01,2024,Completed,True,221,Germany,2023-09-26,20,Product_20,Hair,5,32,160
971,230,2024-10-14,2024-10-01,2024,Completed,True,161,Germany,2023-12-24,19,Product_19,Makeup,3,32,96
972,20,2024-10-14,2024-10-01,2024,Completed,True,22,Italy,2023-08-04,48,Product_48,Hair,1,94,94
973,987,2024-03-12,2024-03-01,2024,Cancelled,False,177,Spain,2024-02-27,39,Product_39,Hair,3,25,75
974,553,2024-01-15,2024-01-01,2024,Completed,True,164,Germany,2024-03-25,12,Product_12,Skin,4,18,72
975,950,2024-05-25,2024-05-01,2024,Returned,False,257,Italy,2023-09-06,15,Product_15,Makeup,4,22,88
976,148,2024-07-11,2024-07-01,2024,Completed,True,259,Spain,2024-03-15,31,Product_31,Body,5,37,185
977,108,2024-01-29,2024-01-01,2024,Cancelled,False,207,Germany,2023-03-18,14,Product_14,Body,5,36,180
978,403,2024-02-09,2024-02-01,2024,Completed,True,223,Spain,2023-12-15,11,Product_11,Makeup,2,60,120
979,596,2024-05-27,2024-05-01,2024,Completed,True,5,Italy,2024-02-05,26,Product_26,Makeup,2,73,146
980,483,2024-11-01,2024-11-01,2024,Completed,True,144,France,2023-06-22,42,Product_42,Skin,4,61,244
981,367,2024-11-18,2024-11-01,2024,Completed,True,126,France,2023-07-24,27,Product_27,Makeup,1,90,90
982,834,2024-11-06,2024-11-01,2024,Completed,True,168,France,2024-04-22,11,Product_11,Makeup,3,47,141
983,414,2024-02-28,2024-02-01,2024,Cancelled,False,152,Morocco,2023-09-15,38,Product_38,Makeup,2,109,218
984,309,2024-10-19,2024-10-01,2024,Completed,True,39,Morocco,2024-02-15,34,Product_34,Hair,2,74,148
985,802,2024-08-03,2024-08-01,2024,Completed,True,134,Italy,2023-08-28,43,Product_43,Hair,1,27,27
986,918,2024-02-12,2024-02-01,2024,Completed,True,243,France,2024-03-10,19,Product_19,Makeup,1,72,72
987,835,2024-04-28,2024-04-01,2024,Completed,True,130,Spain,2023-07-26,6,Product_6,Body,5,60,300
988,134,2024-08-06,2024-08-01,2024,Completed,True,134,Italy,2023-08-28,46,Product_46,Makeup,3,18,54
989,719,2024-01-08,2024-01-01,2024,Completed,True,26,Spain,2023-07-24,38,Product_38,Makeup,1,22,22
990,283,2024-01-29,2024-01-01,2024,Cancelled,False,95,Spain,2023-11-23,49,Product_49,Makeup,2,49,98
991,778,2024-06-04,2024-06-01,2024,Completed,True,282,France,2024-05-06,42,Product_42,Skin,2,64,128
992,73,2024-04-28,2024-04-01,2024,Returned,False,157,Morocco,2024-04-07,28,Product_28,Hair,4,118,472
993,481,2024-04-29,2024-04-01,2024,Completed,True,53,France,2023-11-04,1,Product_1,Body,1,88,88
994,352,2024-03-02,2024-03-01,2024,Completed,True,120,Spain,2023-03-20,35,Product_35,Skin,5,52,260
995,560,2024-08-15,2024-08-01,2024,Completed,True,143,Italy,2023-08-24,40,Product_40,Hair,3,53,159
996,326,2024-05-27,2024-05-01,2024,Completed,True,63,Spain,2024-03-03,8,Product_8,Body,5,119,595
997,745,2024-09-17,2024-09-01,2024,Completed,True,15,Morocco,2023-09-01,47,Product_47,Hair,2,77,154
998,443,2024-07-24,2024-07-01,2024,Completed,True,249,Italy,2023-06-02,7,Product_7,Hair,5,42,210
999,100,2024-10-07,2024-10-01,2024,Cancelled,False,227,Spain,2023-09-21,11,Product_11,Makeup,2,33,66
1000,59,2024-05-30,2024-05-01,2024,Completed,True,271,France,2023-08-29,39,Product_39,Hair,2,45,90
1001,508,2024-10-14,2024-10-01,2024,Cancelled,False,170,Morocco,2023-09-07,4,Product_4,Body,2,114,228
1002,258,2024-10-19,2024-10-01,2024,Completed,True,51,Germany,2024-02-03,25,Product_25,Hair,2,19,38
1003,413,2024-12-18,2024-12-01,2024,Cancelled,False,160,France,2023-05-11,12,Product_12,Skin,2,109,218
1004,452,2024-08-20,2024-08-01,2024,Cancelled,False,151,Germany,2023-06-06,26,Product_26,Makeup,4,29,116
1005,65,2024-07-06,2024-07-01,2024,Completed,True,208,Morocco,2024-04-07,38,Product_38,Makeup,5,114,570
1006,595,2024-04-01,2024-04-01,2024,Completed,True,251,Morocco,2024-04-10,46,Product_46,Makeup,4,118,472
1007,154,2024-05-28,2024-05-01,2024,Completed,True,172,Italy,2023-07-18,12,Product_12,Skin,4,117,468
1008,985,2024-05-04,2024-05-01,2024,Completed,True,49,Spain,2024-01-28,43,Product_43,Hair,1,84,84
1009,266,2024-07-28,2024-07-01,2024,Completed,True,284,Morocco,2023-08-22,37,Product_37,Makeup,1,21,21
1010,821,2024-08-21,2024-08-01,2024,Completed,True,90,Italy,2023-08-23,46,Product_46,Makeup,1,71,71
1011,79,2024-08-13,2024-08-01,2024,Completed,True,63,Spain,2024-03-03,24,Product_24,Hair,3,27,81
1012,315,2024-12-09,2024-12-01,2024,Completed,True,173,Morocco,2024-04-28,16,Product_16,Makeup,1,103,103
1013,662,2024-11-04,2024-11-01,2024,Completed,True,106,France,2023-05-09,13,Product_13,Skin,5,117,585
1014,947,2024-05-23,2024-05-01,2024,Completed,True,297,Germany,2023-12-23,25,Product_25,Hair,4,110,440
1015,560,2024-08-15,2024-08-01,2024,Completed,True,143,Italy,2023-08-24,4,Product_4,Body,5,72,360
1016,917,2024-09-27,2024-09-01,2024,Returned,False,115,Italy,2023-12-22,11,Product_11,Makeup,1,93,93
1017,891,2024-11-11,2024-11-01,2024,Completed,True,231,Morocco,2024-02-18,32,Product_32,Body,3,34,102
1018,248,2024-04-12,2024-04-01,2024,Completed,True,135,France,2023-09-23,49,Product_49,Makeup,3,21,63
1019,790,2024-02-04,2024-02-01,2024,Completed,True,137,France,2023-04-15,7,Product_7,Hair,4,30,120
1020,868,2024-03-17,2024-03-01,2024,Completed,True,104,Spain,2023-02-05,46,Product_46,Makeup,5,34,170
1021,610,2024-06-14,2024-06-01,2024,Cancelled,False,98,Morocco,2024-02-20,11,Product_11,Makeup,2,20,40
1022,414,2024-02-28,2024-02-01,2024,Cancelled,False,152,Morocco,2023-09-15,28,Product_28,Hair,5,73,365
1023,25,2024-10-14,2024-10-01,2024,Completed,True,170,Morocco,2023-09-07,41,Product_41,Skin,1,82,82
1024,284,2024-11-13,2024-11-01,2024,Completed,True,99,Italy,2024-01-09,23,Product_23,Body,2,59,118
1025,449,2024-02-15,2024-02-01,2024,Completed,True,36,Italy,2024-01-03,45,Product_45,Body,3,71,213
1026,881,2024-05-08,2024-05-01,2024,Completed,True,39,Morocco,2024-02-15,23,Product_23,Body,4,98,392
1027,301,2024-10-19,2024-10-01,2024,Completed,True,151,Germany,2023-06-06,50,Product_50,Skin,4,108,432
1028,68,2024-10-29,2024-10-01,2024,Completed,True,280,Italy,2023-01-31,28,Product_28,Hair,3,105,315
1029,7,2024-03-18,2024-03-01,2024,Completed,True,103,Italy,2023-03-22,43,Product_43,Hair,1,58,58
1030,817,2024-05-05,2024-05-01,2024,Returned,False,113,Spain,2024-04-12,47,Product_47,Hair,3,23,69
1031,137,2024-09-24,2024-09-01,2024,Completed,True,108,Italy,2023-06-04,26,Product_26,Makeup,1,10,10
1032,164,2024-11-05,2024-11-01,2024,Completed,True,113,Spain,2024-04-12,25,Product_25,Hair,2,90,180
1033,83,2024-12-29,2024-12-01,2024,Completed,True,289,Italy,2023-05-28,29,Product_29,Makeup,3,34,102
1034,897,2024-09-23,2024-09-01,2024,Completed,True,196,Spain,2023-09-16,19,Product_19,Makeup,1,68,68
1035,650,2024-01-12,2024-01-01,2024,Completed,True,75,Spain,2023-07-03,33,Product_33,Hair,2,81,162
1036,420,2024-02-14,2024-02-01,2024,Completed,True,268,France,2023-05-10,36,Product_36,Skin,3,78,234
1037,73,2024-04-28,2024-04-01,2024,Returned,False,157,Morocco,2024-04-07,14,Product_14,Body,4,14,56
1038,237,2024-09-26,2024-09-01,2024,Completed,True,112,Germany,2024-04-25,14,Product_14,Body,3,114,342
1039,46,2024-03-28,2024-03-01,2024,Completed,True,206,Spain,2023-12-28,35,Product_35,Skin,5,108,540
1040,618,2024-12-25,2024-12-01,2024,Completed,True,53,France,2023-11-04,30,Product_30,Hair,3,28,84
1041,928,2024-05-03,2024-05-01,2024,Completed,True,134,Italy,2023-08-28,28,Product_28,Hair,5,32,160
1042,800,2024-06-29,2024-06-01,2024,Completed,True,75,Spain,2023-07-03,17,Product_17,Hair,2,18,36
1043,262,2024-02-08,2024-02-01,2024,Returned,False,226,Morocco,2024-03-13,3,Product_3,Hair,3,103,309
1044,176,2024-05-27,2024-05-01,2024,Completed,True,126,France,2023-07-24,16,Product_16,Makeup,2,59,118
1045,166,2024-02-24,2024-02-01,2024,Completed,True,113,Spain,2024-04-12,46,Product_46,Makeup,2,25,50
1046,657,2024-08-25,2024-08-01,2024,Completed,True,286,Spain,2023-10-06,30,Product_30,Hair,1,42,42
1047,842,2024-08-19,2024-08-01,2024,Completed,True,95,Spain,2023-11-23,29,Product_29,Makeup,2,11,22
1048,370,2024-05-16,2024-05-01,2024,Cancelled,False,89,Morocco,2024-03-04,45,Product_45,Body,2,23,46
1049,795,2024-06-09,2024-06-01,2024,Completed,True,229,France,2023-04-05,15,Product_15,Makeup,3,119,357
1050,54,2024-11-06,2024-11-01,2024,Completed,True,218,Germany,2024-04-12,46,Product_46,Makeup,3,10,30
1051,690,2024-08-07,2024-08-01,2024,Completed,True,93,Germany,2023-12-24,25,Product_25,Hair,4,99,396
1052,419,2024-12-28,2024-12-01,2024,Completed,True,101,Germany,2024-01-10,38,Product_38,Makeup,1,67,67
1053,756,2024-09-22,2024-09-01,2024,Completed,True,25,Italy,2023-01-31,42,Product_42,Skin,2,98,196
1054,507,2024-03-15,2024-03-01,2024,Completed,True,168,France,2024-04-22,47,Product_47,Hair,1,25,25
1055,341,2024-02-23,2024-02-01,2024,Returned,False,103,Italy,2023-03-22,38,Product_38,Makeup,5,88,440
1056,127,2024-04-26,2024-04-01,2024,Completed,True,243,France,2024-03-10,23,Product_23,Body,2,99,198
1057,409,2024-05-26,2024-05-01,2024,Completed,True,16,Germany,2024-01-25,25,Product_25,Hair,1,56,56
1058,924,2024-04-16,2024-04-01,2024,Completed,True,148,Morocco,2024-04-02,42,Product_42,Skin,4,53,212
1059,367,2024-11-18,2024-11-01,2024,Completed,True,126,France,2023-07-24,7,Product_7,Hair,4,89,356
1060,271,2024-08-14,2024-08-01,2024,Completed,True,49,Spain,2024-01-28,22,Product_22,Makeup,2,23,46
1061,644,2024-10-23,2024-10-01,2024,Returned,False,251,Morocco,2024-04-10,17,Product_17,Hair,5,102,510
1062,605,2024-03-17,2024-03-01,2024,Completed,True,282,France,2024-05-06,18,Product_18,Makeup,4,33,132
1063,379,2024-08-13,2024-08-01,2024,Completed,True,154,Morocco,2023-05-27,49,Product_49,Makeup,4,64,256
1064,73,2024-04-28,2024-04-01,2024,Returned,False,157,Morocco,2024-04-07,41,Product_41,Skin,5,24,120
1065,923,2024-01-21,2024-01-01,2024,Completed,True,69,Germany,2024-02-13,10,Product_10,Hair,1,92,92
1066,922,2024-12-29,2024-12-01,2024,Cancelled,False,283,Italy,2023-01-21,10,Product_10,Hair,4,81,324
1067,915,2024-10-26,2024-10-01,2024,Completed,True,130,Spain,2023-07-26,7,Product_7,Hair,3,43,129
1068,248,2024-04-12,2024-04-01,2024,Completed,True,135,France,2023-09-23,48,Product_48,Hair,4,11,44
1069,860,2024-03-13,2024-03-01,2024,Returned,False,62,Spain,2023-05-07,50,Product_50,Skin,1,36,36
1070,785,2024-01-20,2024-01-01,2024,Completed,True,70,Morocco,2023-08-03,38,Product_38,Makeup,1,83,83
1071,43,2024-09-20,2024-09-01,2024,Completed,True,92,Spain,2023-09-01,27,Product_27,Makeup,2,108,216
1072,377,2024-01-25,2024-01-01,2024,Completed,True,247,Spain,2024-05-12,33,Product_33,Hair,3,96,288
1073,41,2024-04-06,2024-04-01,2024,Completed,True,265,Italy,2023-03-29,1,Product_1,Body,1,81,81
1074,170,2024-03-09,2024-03-01,2024,Cancelled,False,2,Italy,2023-02-10,44,Product_44,Body,5,101,505
1075,946,2024-05-15,2024-05-01,2024,Cancelled,False,296,France,2023-06-11,34,Product_34,Hair,3,32,96
1076,212,2024-11-13,2024-11-01,2024,Completed,True,252,Germany,2023-12-28,4,Product_4,Body,3,77,231
1077,493,2024-01-29,2024-01-01,2024,Completed,True,163,Spain,2023-07-27,17,Product_17,Hair,5,23,115
1078,680,2024-07-25,2024-07-01,2024,Completed,True,249,Italy,2023-06-02,4,Product_4,Body,4,72,288
1079,39,2024-03-07,2024-03-01,2024,Completed,True,14,Italy,2023-01-04,43,Product_43,Hair,5,115,575
1080,369,2024-01-29,2024-01-01,2024,Completed,True,48,Italy,2023-12-24,26,Product_26,Makeup,5,102,510
1081,757,2024-11-27,2024-11-01,2024,Completed,True,145,France,2023-06-07,4,Product_4,Body,4,74,296
1082,151,2024-10-18,2024-10-01,2024,Completed,True,165,Italy,2023-04-05,1,Product_1,Body,4,77,308
1083,111,2024-08-02,2024-08-01,2024,Completed,True,179,Spain,2023-05-08,7,Product_7,Hair,4,72,288
1084,480,2024-01-22,2024-01-01,2024,Completed,True,25,Italy,2023-01-31,30,Product_30,Hair,4,105,420
1085,436,2024-06-08,2024-06-01,2024,Completed,True,115,Italy,2023-12-22,50,Product_50,Skin,4,106,424
1086,47,2024-03-18,2024-03-01,2024,Completed,True,81,Spain,2023-05-15,9,Product_9,Makeup,5,99,495
1087,575,2024-12-03,2024-12-01,2024,Cancelled,False,178,France,2023-11-20,35,Product_35,Skin,2,90,180
1088,737,2024-08-18,2024-08-01,2024,Completed,True,7,Spain,2024-04-07,8,Product_8,Body,2,112,224
1089,366,2024-04-14,2024-04-01,2024,Completed,True,96,Germany,2024-01-31,24,Product_24,Hair,1,96,96
1090,69,2024-07-15,2024-07-01,2024,Returned,False,217,Italy,2023-02-01,19,Product_19,Makeup,2,73,146
1091,299,2024-11-19,2024-11-01,2024,Returned,False,114,Morocco,2023-05-22,36,Product_36,Skin,2,41,82
1092,944,2024-06-04,2024-06-01,2024,Cancelled,False,51,Germany,2024-02-03,50,Product_50,Skin,5,88,440
1093,802,2024-08-03,2024-08-01,2024,Completed,True,134,Italy,2023-08-28,43,Product_43,Hair,4,22,88
1094,296,2024-01-03,2024-01-01,2024,Completed,True,58,Morocco,2023-12-05,27,Product_27,Makeup,4,75,300
1095,203,2024-04-10,2024-04-01,2024,Completed,True,199,Morocco,2023-10-26,32,Product_32,Body,5,28,140
1096,61,2024-05-26,2024-05-01,2024,Completed,True,252,Germany,2023-12-28,14,Product_14,Body,2,33,66
1097,946,2024-05-15,2024-05-01,2024,Cancelled,False,296,France,2023-06-11,18,Product_18,Makeup,5,118,590
1098,963,2024-03-11,2024-03-01,2024,Completed,True,244,Italy,2023-07-15,28,Product_28,Hair,1,97,97
1099,830,2024-03-26,2024-03-01,2024,Completed,True,261,Morocco,2023-10-31,29,Product_29,Makeup,4,20,80
1100,314,2024-10-28,2024-10-01,2024,Completed,True,36,Italy,2024-01-03,16,Product_16,Makeup,3,68,204
1101,161,2024-10-21,2024-10-01,2024,Completed,True,52,France,2023-01-21,35,Product_35,Skin,1,95,95
1102,331,2024-11-25,2024-11-01,2024,Completed,True,180,Italy,2023-04-03,47,Product_47,Hair,1,24,24
1103,528,2024-06-11,2024-06-01,2024,Completed,True,39,Morocco,2024-02-15,31,Product_31,Body,5,19,95
1104,338,2024-09-18,2024-09-01,2024,Completed,True,60,Spain,2024-04-15,4,Product_4,Body,2,50,100
1105,606,2024-04-25,2024-04-01,2024,Completed,True,63,Spain,2024-03-03,37,Product_37,Makeup,4,36,144
1106,304,2024-03-13,2024-03-01,2024,Completed,True,273,Germany,2023-08-16,17,Product_17,Hair,3,69,207
1107,503,2024-02-08,2024-02-01,2024,Completed,True,230,Morocco,2023-02-10,39,Product_39,Hair,1,82,82
1108,650,2024-01-12,2024-01-01,2024,Completed,True,75,Spain,2023-07-03,48,Product_48,Hair,3,61,183
1109,338,2024-09-18,2024-09-01,2024,Completed,True,60,Spain,2024-04-15,46,Product_46,Makeup,2,37,74
1110,550,2024-01-24,2024-01-01,2024,Completed,True,203,Spain,2024-01-12,26,Product_26,Makeup,2,74,148
1111,639,2024-07-26,2024-07-01,2024,Completed,True,259,Spain,2024-03-15,48,Product_48,Hair,3,26,78
1112,275,2024-09-03,2024-09-01,2024,Completed,True,158,Italy,2024-01-02,39,Product_39,Hair,4,104,416
1113,164,2024-11-05,2024-11-01,2024,Completed,True,113,Spain,2024-04-12,41,Product_41,Skin,2,53,106
1114,443,2024-07-24,2024-07-01,2024,Completed,True,249,Italy,2023-06-02,4,Product_4,Body,3,19,57
1115,319,2024-08-13,2024-08-01,2024,Completed,True,143,Italy,2023-08-24,30,Product_30,Hair,1,72,72
1116,589,2024-03-16,2024-03-01,2024,Completed,True,82,Spain,2023-01-01,30,Product_30,Hair,3,110,330
1117,504,2024-09-27,2024-09-01,2024,Completed,True,7,Spain,2024-04-07,22,Product_22,Makeup,3,102,306
1118,686,2024-06-07,2024-06-01,2024,Returned,False,281,France,2023-05-18,11,Product_11,Makeup,5,91,455
1119,387,2024-11-11,2024-11-01,2024,Completed,True,94,Germany,2024-04-25,2,Product_2,Skin,2,56,112
1120,970,2024-11-05,2024-11-01,2024,Cancelled,False,128,Italy,2024-03-20,44,Product_44,Body,4,47,188
1121,870,2024-11-19,2024-11-01,2024,Completed,True,288,France,2024-02-20,12,Product_12,Skin,4,112,448
1122,833,2024-07-11,2024-07-01,2024,Completed,True,13,Italy,2024-02-10,30,Product_30,Hair,5,79,395
1123,888,2024-03-16,2024-03-01,2024,Completed,True,111,France,2023-06-17,36,Product_36,Skin,4,113,452
1124,603,2024-10-15,2024-10-01,2024,Completed,True,177,Spain,2024-02-27,18,Product_18,Makeup,3,85,255
1125,750,2024-01-10,2024-01-01,2024,Completed,True,39,Morocco,2024-02-15,26,Product_26,Makeup,5,62,310
1126,776,2024-02-13,2024-02-01,2024,Completed,True,6,Italy,2023-07-13,7,Product_7,Hair,1,87,87
1127,691,2024-12-29,2024-12-01,2024,Completed,True,160,France,2023-05-11,1,Product_1,Body,2,53,106
1128,494,2024-02-02,2024-02-01,2024,Completed,True,215,Germany,2024-02-15,26,Product_26,Makeup,2,83,166
1129,490,2024-09-07,2024-09-01,2024,Completed,True,223,Spain,2023-12-15,23,Product_23,Body,2,63,126
1130,721,2024-08-27,2024-08-01,2024,Returned,False,257,Italy,2023-09-06,26,Product_26,Makeup,3,29,87
1131,73,2024-04-28,2024-04-01,2024,Returned,False,157,Morocco,2024-04-07,45,Product_45,Body,1,88,88
1132,509,2024-05-09,2024-05-01,2024,Cancelled,False,283,Italy,2023-01-21,6,Product_6,Body,5,40,200
1133,390,2024-03-21,2024-03-01,2024,Returned,False,218,Germany,2024-04-12,6,Product_6,Body,5,16,80
1134,619,2024-11-12,2024-11-01,2024,Completed,True,165,Italy,2023-04-05,44,Product_44,Body,2,67,134
1135,857,2024-08-07,2024-08-01,2024,Completed,True,165,Italy,2023-04-05,8,Product_8,Body,1,114,114
1136,295,2024-06-25,2024-06-01,2024,Completed,True,54,Morocco,2023-06-12,24,Product_24,Hair,1,19,19
1137,369,2024-01-29,2024-01-01,2024,Completed,True,48,Italy,2023-12-24,22,Product_22,Makeup,1,19,19
1138,956,2024-12-15,2024-12-01,2024,Completed,True,149,Germany,2023-11-07,19,Product_19,Makeup,4,48,192
1139,796,2024-06-27,2024-06-01,2024,Completed,True,36,Italy,2024-01-03,37,Product_37,Makeup,4,37,148
1140,865,2024-09-25,2024-09-01,2024,Completed,True,89,Morocco,2024-03-04,18,Product_18,Makeup,2,39,78
1141,694,2024-02-19,2024-02-01,2024,Completed,True,51,Germany,2024-02-03,31,Product_31,Body,1,46,46
1142,549,2024-06-29,2024-06-01,2024,Completed,True,213,France,2024-04-27,37,Product_37,Makeup,1,76,76
1143,649,2024-03-27,2024-03-01,2024,Completed,True,66,Spain,2023-12-15,30,Product_30,Hair,5,52,260
1144,850,2024-10-13,2024-10-01,2024,Returned,False,60,Spain,2024-04-15,42,Product_42,Skin,5,88,440
1145,568,2024-03-04,2024-03-01,2024,Completed,True,156,Italy,2023-06-03,33,Product_33,Hair,2,94,188
1146,187,2024-05-08,2024-05-01,2024,Completed,True,255,France,2023-09-30,10,Product_10,Hair,1,61,61
1147,853,2024-10-30,2024-10-01,2024,Completed,True,270,Spain,2023-09-17,37,Product_37,Makeup,2,110,220
1148,770,2024-04-16,2024-04-01,2024,Completed,True,111,France,2023-06-17,12,Product_12,Skin,5,65,325
1149,445,2024-01-12,2024-01-01,2024,Completed,True,192,Italy,2023-08-10,30,Product_30,Hair,5,85,425
1150,570,2024-07-27,2024-07-01,2024,Cancelled,False,122,Germany,2023-06-10,27,Product_27,Makeup,4,77,308
1151,363,2024-12-22,2024-12-01,2024,Completed,True,1,Spain,2023-05-15,39,Product_39,Hair,2,18,36
1152,123,2024-06-13,2024-06-01,2024,Completed,True,36,Italy,2024-01-03,9,Product_9,Makeup,2,112,224
1153,188,2024-08-04,2024-08-01,2024,Completed,True,294,France,2024-01-06,21,Product_21,Hair,1,115,115
1154,742,2024-03-06,2024-03-01,2024,Completed,True,274,Morocco,2023-06-12,12,Product_12,Skin,1,101,101
1155,680,2024-07-25,2024-07-01,2024,Completed,True,249,Italy,2023-06-02,29,Product_29,Makeup,4,32,128
1156,420,2024-02-14,2024-02-01,2024,Completed,True,268,France,2023-05-10,33,Product_33,Hair,3,72,216
1157,626,2024-02-10,2024-02-01,2024,Returned,False,51,Germany,2024-02-03,43,Product_43,Hair,3,118,354
1158,252,2024-05-31,2024-05-01,2024,Completed,True,176,France,2023-09-01,15,Product_15,Makeup,3,70,210
1159,619,2024-11-12,2024-11-01,2024,Completed,True,165,Italy,2023-04-05,2,Product_2,Skin,2,49,98
1160,549,2024-06-29,2024-06-01,2024,Completed,True,213,France,2024-04-27,39,Product_39,Hair,2,53,106
1161,335,2024-08-05,2024-08-01,2024,Completed,True,101,Germany,2024-01-10,44,Product_44,Body,5,95,475
1162,92,2024-08-11,2024-08-01,2024,Completed,True,48,Italy,2023-12-24,18,Product_18,Makeup,2,33,66
1163,530,2024-10-07,2024-10-01,2024,Completed,True,173,Morocco,2024-04-28,3,Product_3,Hair,2,60,120
1164,866,2024-03-13,2024-03-01,2024,Cancelled,False,296,France,2023-06-11,7,Product_7,Hair,2,67,134
1165,63,2024-02-05,2024-02-01,2024,Completed,True,296,France,2023-06-11,43,Product_43,Hair,4,99,396
1166,662,2024-11-04,2024-11-01,2024,Completed,True,106,France,2023-05-09,18,Product_18,Makeup,2,103,206
1167,512,2024-01-22,2024-01-01,2024,Completed,True,5,Italy,2024-02-05,44,Product_44,Body,1,42,42
1168,139,2024-11-04,2024-11-01,2024,Completed,True,286,Spain,2023-10-06,38,Product_38,Makeup,1,25,25
1169,698,2024-09-06,2024-09-01,2024,Completed,True,170,Morocco,2023-09-07,37,Product_37,Makeup,5,31,155
1170,185,2024-10-22,2024-10-01,2024,Completed,True,184,France,2024-04-21,33,Product_33,Hair,4,66,264
1171,205,2024-10-31,2024-10-01,2024,Completed,True,39,Morocco,2024-02-15,44,Product_44,Body,1,71,71
1172,772,2024-07-22,2024-07-01,2024,Completed,True,236,Morocco,2023-01-02,31,Product_31,Body,4,116,464
1173,214,2024-08-03,2024-08-01,2024,Cancelled,False,112,Germany,2024-04-25,11,Product_11,Makeup,4,91,364
1174,256,2024-04-07,2024-04-01,2024,Completed,True,38,Morocco,2024-05-03,4,Product_4,Body,5,80,400
1175,135,2024-06-16,2024-06-01,2024,Returned,False,284,Morocco,2023-08-22,18,Product_18,Makeup,4,99,396
1176,573,2024-09-30,2024-09-01,2024,Completed,True,136,Spain,2023-07-01,4,Product_4,Body,2,81,162
1177,875,2024-01-19,2024-01-01,2024,Completed,True,143,Italy,2023-08-24,49,Product_49,Makeup,4,79,316
1178,822,2024-01-08,2024-01-01,2024,Completed,True,142,Germany,2024-03-15,34,Product_34,Hair,5,39,195
1179,88,2024-04-29,2024-04-01,2024,Completed,True,135,France,2023-09-23,29,Product_29,Makeup,5,112,560
1180,836,2024-08-05,2024-08-01,2024,Completed,True,84,France,2023-04-06,24,Product_24,Hair,5,32,160
1181,988,2024-05-31,2024-05-01,2024,Returned,False,148,Morocco,2024-04-02,22,Product_22,Makeup,1,41,41
1182,207,2024-11-25,2024-11-01,2024,Cancelled,False,267,Spain,2024-02-15,2,Product_2,Skin,2,95,190
1183,129,2024-12-07,2024-12-01,2024,Completed,True,284,Morocco,2023-08-22,44,Product_44,Body,1,115,115
1184,823,2024-12-06,2024-12-01,2024,Completed,True,38,Morocco,2024-05-03,6,Product_6,Body,3,116,348
1185,3,2024-05-23,2024-05-01,2024,Completed,True,107,Italy,2024-01-05,42,Product_42,Skin,2,66,132
1186,974,2024-02-16,2024-02-01,2024,Completed,True,152,Morocco,2023-09-15,25,Product_25,Hair,4,118,472
1187,934,2024-11-19,2024-11-01,2024,Completed,True,210,Morocco,2023-05-07,21,Product_21,Hair,5,18,90
1188,754,2024-03-20,2024-03-01,2024,Completed,True,126,France,2023-07-24,16,Product_16,Makeup,3,40,120
1189,121,2024-02-03,2024-02-01,2024,Returned,False,171,Italy,2023-07-09,31,Product_31,Body,2,80,160
1190,385,2024-03-30,2024-03-01,2024,Completed,True,69,Germany,2024-02-13,14,Product_14,Body,1,18,18
1191,614,2024-05-01,2024-05-01,2024,Completed,True,197,Italy,2023-09-08,39,Product_39,Hair,5,22,110
1192,38,2024-08-16,2024-08-01,2024,Completed,True,89,Morocco,2024-03-04,28,Product_28,Hair,1,67,67
1193,341,2024-02-23,2024-02-01,2024,Returned,False,103,Italy,2023-03-22,32,Product_32,Body,2,12,24
1194,925,2024-12-01,2024-12-01,2024,Completed,True,11,Morocco,2024-01-03,28,Product_28,Hair,2,44,88
1195,645,2024-07-06,2024-07-01,2024,Completed,True,112,Germany,2024-04-25,49,Product_49,Makeup,3,106,318
1196,714,2024-02-09,2024-02-01,2024,Completed,True,239,Spain,2023-07-13,9,Product_9,Makeup,4,30,120
1197,860,2024-03-13,2024-03-01,2024,Returned,False,62,Spain,2023-05-07,45,Product_45,Body,1,73,73
1198,21,2024-09-22,2024-09-01,2024,Completed,True,253,Morocco,2023-05-19,22,Product_22,Makeup,3,104,312
1199,242,2024-06-24,2024-06-01,2024,Completed,True,208,Morocco,2024-04-07,32,Product_32,Body,5,61,305
1200,455,2024-08-10,2024-08-01,2024,Returned,False,37,Italy,2023-08-29,5,Product_5,Skin,4,43,172
1201,963,2024-03-11,2024-03-01,2024,Completed,True,244,Italy,2023-07-15,23,Product_23,Body,3,105,315
1202,621,2024-01-09,2024-01-01,2024,Cancelled,False,83,Italy,2023-02-18,5,Product_5,Skin,1,44,44
1203,303,2024-07-11,2024-07-01,2024,Completed,True,155,France,2024-01-26,42,Product_42,Skin,2,24,48
1204,596,2024-05-27,2024-05-01,2024,Completed,True,5,Italy,2024-02-05,32,Product_32,Body,5,105,525
1205,595,2024-04-01,2024-04-01,2024,Completed,True,251,Morocco,2024-04-10,10,Product_10,Hair,1,15,15
1206,803,2024-09-07,2024-09-01,2024,Completed,True,118,Morocco,2023-04-19,39,Product_39,Hair,4,118,472
1207,964,2024-11-07,2024-11-01,2024,Returned,False,25,Italy,2023-01-31,15,Product_15,Makeup,4,94,376
1208,69,2024-07-15,2024-07-01,2024,Returned,False,217,Italy,2023-02-01,7,Product_7,Hair,2,106,212
1209,129,2024-12-07,2024-12-01,2024,Completed,True,284,Morocco,2023-08-22,29,Product_29,Makeup,2,41,82
1210,196,2024-08-16,2024-08-01,2024,Cancelled,False,124,Morocco,2023-01-19,47,Product_47,Hair,5,61,305
1211,140,2024-06-21,2024-06-01,2024,Completed,True,128,Italy,2024-03-20,3,Product_3,Hair,5,92,460
1212,444,2024-03-17,2024-03-01,2024,Completed,True,164,Germany,2024-03-25,19,Product_19,Makeup,2,106,212
1213,283,2024-01-29,2024-01-01,2024,Cancelled,False,95,Spain,2023-11-23,10,Product_10,Hair,2,37,74
1214,312,2024-10-21,2024-10-01,2024,Completed,True,26,Spain,2023-07-24,28,Product_28,Hair,4,104,416
1215,746,2024-06-12,2024-06-01,2024,Cancelled,False,192,Italy,2023-08-10,29,Product_29,Makeup,2,94,188
1216,535,2024-07-26,2024-07-01,2024,Returned,False,58,Morocco,2023-12-05,15,Product_15,Makeup,3,107,321
1217,665,2024-11-02,2024-11-01,2024,Completed,True,133,Germany,2023-05-31,35,Product_35,Skin,1,73,73
1218,277,2024-05-20,2024-05-01,2024,Completed,True,6,Italy,2023-07-13,6,Product_6,Body,2,88,176
1219,61,2024-05-26,2024-05-01,2024,Completed,True,252,Germany,2023-12-28,12,Product_12,Skin,5,87,435
1220,319,2024-08-13,2024-08-01,2024,Completed,True,143,Italy,2023-08-24,47,Product_47,Hair,3,28,84
1221,890,2024-05-22,2024-05-01,2024,Completed,True,289,Italy,2023-05-28,38,Product_38,Makeup,5,116,580
1222,52,2024-06-30,2024-06-01,2024,Completed,True,260,Italy,2024-03-11,13,Product_13,Skin,3,24,72
1223,856,2024-03-30,2024-03-01,2024,Completed,True,213,France,2024-04-27,29,Product_29,Makeup,2,15,30
1224,153,2024-01-29,2024-01-01,2024,Returned,False,234,Germany,2023-07-23,19,Product_19,Makeup,1,82,82
1225,749,2024-10-13,2024-10-01,2024,Returned,False,202,Spain,2023-02-18,3,Product_3,Hair,5,110,550
1226,311,2024-07-16,2024-07-01,2024,Completed,True,247,Spain,2024-05-12,8,Product_8,Body,3,93,279
1227,814,2024-10-20,2024-10-01,2024,Completed,True,212,Morocco,2023-08-09,8,Product_8,Body,4,107,428
1228,544,2024-01-27,2024-01-01,2024,Returned,False,173,Morocco,2024-04-28,20,Product_20,Hair,2,47,94
1229,567,2024-03-12,2024-03-01,2024,Completed,True,272,Italy,2023-05-21,47,Product_47,Hair,1,35,35
1230,864,2024-06-24,2024-06-01,2024,Cancelled,False,42,Italy,2024-01-07,4,Product_4,Body,2,91,182
1231,389,2024-10-10,2024-10-01,2024,Returned,False,204,Germany,2023-11-25,21,Product_21,Hair,4,101,404
1232,548,2024-12-14,2024-12-01,2024,Cancelled,False,80,Morocco,2023-09-14,3,Product_3,Hair,1,60,60
1233,622,2024-09-18,2024-09-01,2024,Completed,True,145,France,2023-06-07,45,Product_45,Body,4,82,328
1234,177,2024-08-14,2024-08-01,2024,Completed,True,130,Spain,2023-07-26,8,Product_8,Body,2,105,210
1235,362,2024-03-08,2024-03-01,2024,Completed,True,122,Germany,2023-06-10,23,Product_23,Body,3,62,186
1236,314,2024-10-28,2024-10-01,2024,Completed,True,36,Italy,2024-01-03,16,Product_16,Makeup,2,65,130
1237,807,2024-11-01,2024-11-01,2024,Completed,True,203,Spain,2024-01-12,13,Product_13,Skin,2,68,136
1238,848,2024-01-01,2024-01-01,2024,Completed,True,1,Spain,2023-05-15,3,Product_3,Hair,2,79,158
1239,97,2024-01-09,2024-01-01,2024,Returned,False,172,Italy,2023-07-18,48,Product_48,Hair,5,87,435
1240,881,2024-05-08,2024-05-01,2024,Completed,True,39,Morocco,2024-02-15,9,Product_9,Makeup,4,101,404
1241,213,2024-03-20,2024-03-01,2024,Completed,True,144,France,2023-06-22,14,Product_14,Body,4,67,268
1242,829,2024-01-05,2024-01-01,2024,Cancelled,False,10,Italy,2024-01-05,13,Product_13,Skin,4,97,388
1243,137,2024-09-24,2024-09-01,2024,Completed,True,108,Italy,2023-06-04,7,Product_7,Hair,5,22,110
1244,6,2024-09-13,2024-09-01,2024,Completed,True,21,France,2023-01-17,15,Product_15,Makeup,3,52,156
1245,109,2024-04-18,2024-04-01,2024,Completed,True,15,Morocco,2023-09-01,7,Product_7,Hair,2,85,170
1246,547,2024-07-17,2024-07-01,2024,Completed,True,149,Germany,2023-11-07,38,Product_38,Makeup,3,60,180
1247,39,2024-03-07,2024-03-01,2024,Completed,True,14,Italy,2023-01-04,34,Product_34,Hair,5,28,140
1248,662,2024-11-04,2024-11-01,2024,Completed,True,106,France,2023-05-09,41,Product_41,Skin,4,30,120
1249,425,2024-07-09,2024-07-01,2024,Completed,True,285,Spain,2023-07-21,22,Product_22,Makeup,2,100,200
1250,630,2024-06-26,2024-06-01,2024,Completed,True,288,France,2024-02-20,24,Product_24,Hair,1,92,92
1251,261,2024-12-29,2024-12-01,2024,Completed,True,27,Morocco,2024-02-23,49,Product_49,Makeup,1,33,33
1252,426,2024-06-03,2024-06-01,2024,Completed,True,12,France,2024-03-11,37,Product_37,Makeup,3,35,105
1253,87,2024-06-06,2024-06-01,2024,Completed,True,28,Morocco,2024-02-04,44,Product_44,Body,4,54,216
1254,465,2024-11-14,2024-11-01,2024,Completed,True,217,Italy,2023-02-01,1,Product_1,Body,1,37,37
1255,76,2024-10-19,2024-10-01,2024,Cancelled,False,9,Morocco,2023-08-09,10,Product_10,Hair,3,119,357
1256,471,2024-07-14,2024-07-01,2024,Completed,True,76,Spain,2023-02-07,43,Product_43,Hair,5,91,455
1257,976,2024-04-27,2024-04-01,2024,Completed,True,180,Italy,2023-04-03,16,Product_16,Makeup,3,117,351
1258,963,2024-03-11,2024-03-01,2024,Completed,True,244,Italy,2023-07-15,46,Product_46,Makeup,3,109,327
1259,414,2024-02-28,2024-02-01,2024,Cancelled,False,152,Morocco,2023-09-15,8,Product_8,Body,3,115,345
1260,825,2024-09-20,2024-09-01,2024,Completed,True,139,France,2024-03-08,49,Product_49,Makeup,2,38,76
1261,895,2024-10-17,2024-10-01,2024,Returned,False,289,Italy,2023-05-28,25,Product_25,Hair,3,26,78
1262,726,2024-01-02,2024-01-01,2024,Completed,True,207,Germany,2023-03-18,50,Product_50,Skin,3,77,231
1263,457,2024-07-06,2024-07-01,2024,Returned,False,183,Italy,2023-02-24,12,Product_12,Skin,2,53,106
1264,285,2024-09-01,2024-09-01,2024,Completed,True,188,Germany,2023-07-30,25,Product_25,Hair,2,118,236
1265,239,2024-04-26,2024-04-01,2024,Completed,True,153,Germany,2023-06-13,17,Product_17,Hair,5,70,350
1266,677,2024-08-30,2024-08-01,2024,Completed,True,43,France,2023-06-22,26,Product_26,Makeup,4,102,408
1267,599,2024-08-29,2024-08-01,2024,Completed,True,65,France,2023-08-31,46,Product_46,Makeup,1,77,77
1268,653,2024-08-30,2024-08-01,2024,Cancelled,False,252,Germany,2023-12-28,48,Product_48,Hair,1,83,83
1269,672,2024-11-07,2024-11-01,2024,Completed,True,262,Morocco,2023-10-03,14,Product_14,Body,3,34,102
1270,558,2024-08-23,2024-08-01,2024,Completed,True,233,Spain,2023-05-29,41,Product_41,Skin,5,104,520
1271,372,2024-08-13,2024-08-01,2024,Cancelled,False,272,Italy,2023-05-21,36,Product_36,Skin,3,76,228
1272,495,2024-05-13,2024-05-01,2024,Completed,True,221,Germany,2023-09-26,23,Product_23,Body,1,11,11
1273,624,2024-12-24,2024-12-01,2024,Completed,True,78,Spain,2023-07-14,43,Product_43,Hair,2,98,196
1274,919,2024-12-08,2024-12-01,2024,Completed,True,292,Germany,2023-12-27,6,Product_6,Body,4,58,232
1275,45,2024-04-05,2024-04-01,2024,Cancelled,False,35,Spain,2023-11-14,47,Product_47,Hair,5,79,395
1276,401,2024-02-09,2024-02-01,2024,Completed,True,290,Germany,2024-04-02,5,Product_5,Skin,2,35,70
1277,247,2024-08-10,2024-08-01,2024,Completed,True,277,Germany,2023-07-19,43,Product_43,Hair,4,81,324
1278,616,2024-04-15,2024-04-01,2024,Completed,True,259,Spain,2024-03-15,25,Product_25,Hair,5,108,540
1279,597,2024-06-09,2024-06-01,2024,Completed,True,119,Spain,2024-01-11,18,Product_18,Makeup,5,36,180
1280,450,2024-06-03,2024-06-01,2024,Completed,True,96,Germany,2024-01-31,13,Product_13,Skin,1,98,98
1281,485,2024-07-10,2024-07-01,2024,Completed,True,39,Morocco,2024-02-15,43,Product_43,Hair,2,27,54
1282,646,2024-12-27,2024-12-01,2024,Cancelled,False,255,France,2023-09-30,14,Product_14,Body,5,63,315
1283,620,2024-05-02,2024-05-01,2024,Returned,False,202,Spain,2023-02-18,28,Product_28,Hair,5,10,50
1284,18,2024-12-24,2024-12-01,2024,Completed,True,277,Germany,2023-07-19,18,Product_18,Makeup,4,70,280
1285,606,2024-04-25,2024-04-01,2024,Completed,True,63,Spain,2024-03-03,28,Product_28,Hair,1,112,112
1286,662,2024-11-04,2024-11-01,2024,Completed,True,106,France,2023-05-09,27,Product_27,Makeup,3,12,36
1287,758,2024-12-15,2024-12-01,2024,Completed,True,13,Italy,2024-02-10,32,Product_32,Body,1,77,77
1288,289,2024-08-23,2024-08-01,2024,Returned,False,161,Germany,2023-12-24,47,Product_47,Hair,3,50,150
1289,414,2024-02-28,2024-02-01,2024,Cancelled,False,152,Morocco,2023-09-15,9,Product_9,Makeup,2,46,92
1290,721,2024-08-27,2024-08-01,2024,Returned,False,257,Italy,2023-09-06,40,Product_40,Hair,2,60,120
1291,638,2024-03-24,2024-03-01,2024,Completed,True,118,Morocco,2023-04-19,32,Product_32,Body,5,24,120
1292,235,2024-03-26,2024-03-01,2024,Returned,False,254,Germany,2023-08-09,20,Product_20,Hair,2,17,34
1293,416,2024-10-30,2024-10-01,2024,Cancelled,False,163,Spain,2023-07-27,28,Product_28,Hair,5,47,235
1294,938,2024-10-16,2024-10-01,2024,Returned,False,133,Germany,2023-05-31,33,Product_33,Hair,1,92,92
1295,499,2024-08-13,2024-08-01,2024,Completed,True,76,Spain,2023-02-07,4,Product_4,Body,2,65,130
1296,974,2024-02-16,2024-02-01,2024,Completed,True,152,Morocco,2023-09-15,46,Product_46,Makeup,1,56,56
1297,634,2024-11-13,2024-11-01,2024,Completed,True,39,Morocco,2024-02-15,34,Product_34,Hair,1,99,99
1298,650,2024-01-12,2024-01-01,2024,Completed,True,75,Spain,2023-07-03,48,Product_48,Hair,2,112,224
1299,115,2024-05-25,2024-05-01,2024,Completed,True,52,France,2023-01-21,3,Product_3,Hair,1,19,19
1300,932,2024-02-20,2024-02-01,2024,Cancelled,False,141,Germany,2024-05-11,26,Product_26,Makeup,2,111,222
1301,674,2024-02-28,2024-02-01,2024,Completed,True,205,Morocco,2023-10-24,8,Product_8,Body,2,87,174
1302,713,2024-01-18,2024-01-01,2024,Completed,True,214,Italy,2023-04-01,6,Product_6,Body,2,58,116
1303,234,2024-10-08,2024-10-01,2024,Completed,True,104,Spain,2023-02-05,16,Product_16,Makeup,3,50,150
1304,540,2024-04-02,2024-04-01,2024,Completed,True,117,Spain,2024-04-15,24,Product_24,Hair,1,92,92
1305,11,2024-04-23,2024-04-01,2024,Completed,True,100,Italy,2024-02-08,48,Product_48,Hair,4,39,156
1306,206,2024-01-17,2024-01-01,2024,Completed,True,129,France,2024-03-29,39,Product_39,Hair,2,14,28
1307,679,2024-04-02,2024-04-01,2024,Cancelled,False,111,France,2023-06-17,30,Product_30,Hair,1,104,104
1308,247,2024-08-10,2024-08-01,2024,Completed,True,277,Germany,2023-07-19,45,Product_45,Body,5,80,400
1309,559,2024-12-05,2024-12-01,2024,Returned,False,14,Italy,2023-01-04,13,Product_13,Skin,2,92,184
1310,758,2024-12-15,2024-12-01,2024,Completed,True,13,Italy,2024-02-10,5,Product_5,Skin,2,40,80
1311,127,2024-04-26,2024-04-01,2024,Completed,True,243,France,2024-03-10,25,Product_25,Hair,4,61,244
1312,147,2024-12-28,2024-12-01,2024,Completed,True,233,Spain,2023-05-29,20,Product_20,Hair,3,112,336
1313,118,2024-02-11,2024-02-01,2024,Cancelled,False,231,Morocco,2024-02-18,18,Product_18,Makeup,3,97,291
1314,911,2024-01-12,2024-01-01,2024,Completed,True,261,Morocco,2023-10-31,47,Product_47,Hair,2,107,214
1315,382,2024-11-23,2024-11-01,2024,Completed,True,185,France,2023-06-07,18,Product_18,Makeup,1,32,32
1316,412,2024-04-01,2024-04-01,2024,Completed,True,258,Morocco,2023-10-06,2,Product_2,Skin,5,57,285
1317,664,2024-10-14,2024-10-01,2024,Completed,True,81,Spain,2023-05-15,10,Product_10,Hair,5,118,590
1318,584,2024-09-23,2024-09-01,2024,Cancelled,False,220,France,2024-01-29,45,Product_45,Body,1,49,49
1319,363,2024-12-22,2024-12-01,2024,Completed,True,1,Spain,2023-05-15,50,Product_50,Skin,2,15,30
1320,509,2024-05-09,2024-05-01,2024,Cancelled,False,283,Italy,2023-01-21,47,Product_47,Hair,5,47,235
1321,137,2024-09-24,2024-09-01,2024,Completed,True,108,Italy,2023-06-04,12,Product_12,Skin,3,50,150
1322,175,2024-08-26,2024-08-01,2024,Cancelled,False,225,Morocco,2023-03-02,47,Product_47,Hair,1,109,109
1323,289,2024-08-23,2024-08-01,2024,Returned,False,161,Germany,2023-12-24,13,Product_13,Skin,4,36,144
1324,958,2024-12-16,2024-12-01,2024,Completed,True,202,Spain,2023-02-18,50,Product_50,Skin,2,84,168
1325,481,2024-04-29,2024-04-01,2024,Completed,True,53,France,2023-11-04,47,Product_47,Hair,1,78,78
1326,19,2024-05-10,2024-05-01,2024,Returned,False,161,Germany,2023-12-24,11,Product_11,Makeup,5,66,330
1327,195,2024-05-10,2024-05-01,2024,Completed,True,201,France,2024-01-16,19,Product_19,Makeup,2,26,52
1328,330,2024-08-30,2024-08-01,2024,Completed,True,58,Morocco,2023-12-05,35,Product_35,Skin,3,80,240
1329,936,2024-05-20,2024-05-01,2024,Completed,True,104,Spain,2023-02-05,39,Product_39,Hair,2,100,200
1330,175,2024-08-26,2024-08-01,2024,Cancelled,False,225,Morocco,2023-03-02,26,Product_26,Makeup,2,56,112
1331,449,2024-02-15,2024-02-01,2024,Completed,True,36,Italy,2024-01-03,46,Product_46,Makeup,3,88,264
1332,925,2024-12-01,2024-12-01,2024,Completed,True,11,Morocco,2024-01-03,14,Product_14,Body,3,119,357
1333,946,2024-05-15,2024-05-01,2024,Cancelled,False,296,France,2023-06-11,45,Product_45,Body,2,22,44
1334,354,2024-08-03,2024-08-01,2024,Completed,True,92,Spain,2023-09-01,44,Product_44,Body,3,20,60
1335,499,2024-08-13,2024-08-01,2024,Completed,True,76,Spain,2023-02-07,24,Product_24,Hair,1,118,118
1336,141,2024-07-08,2024-07-01,2024,Completed,True,231,Morocco,2024-02-18,41,Product_41,Skin,3,99,297
1337,758,2024-12-15,2024-12-01,2024,Completed,True,13,Italy,2024-02-10,1,Product_1,Body,3,95,285
1338,897,2024-09-23,2024-09-01,2024,Completed,True,196,Spain,2023-09-16,43,Product_43,Hair,2,101,202
1339,930,2024-10-18,2024-10-01,2024,Completed,True,23,Spain,2023-04-02,22,Product_22,Makeup,1,33,33
1340,93,2024-07-27,2024-07-01,2024,Completed,True,62,Spain,2023-05-07,23,Product_23,Body,4,102,408
1341,944,2024-06-04,2024-06-01,2024,Cancelled,False,51,Germany,2024-02-03,19,Product_19,Makeup,4,82,328
1342,239,2024-04-26,2024-04-01,2024,Completed,True,153,Germany,2023-06-13,18,Product_18,Makeup,5,115,575
1343,205,2024-10-31,2024-10-01,2024,Completed,True,39,Morocco,2024-02-15,12,Product_12,Skin,3,13,39
1344,560,2024-08-15,2024-08-01,2024,Completed,True,143,Italy,2023-08-24,28,Product_28,Hair,3,55,165
1345,433,2024-09-05,2024-09-01,2024,Completed,True,264,France,2023-01-02,28,Product_28,Hair,1,27,27
1346,245,2024-08-02,2024-08-01,2024,Completed,True,68,Morocco,2023-12-02,33,Product_33,Hair,4,52,208
1347,832,2024-10-16,2024-10-01,2024,Completed,True,172,Italy,2023-07-18,19,Product_19,Makeup,5,89,445
1348,317,2024-03-02,2024-03-01,2024,Completed,True,264,France,2023-01-02,28,Product_28,Hair,1,42,42
1349,925,2024-12-01,2024-12-01,2024,Completed,True,11,Morocco,2024-01-03,49,Product_49,Makeup,3,102,306
1350,295,2024-06-25,2024-06-01,2024,Completed,True,54,Morocco,2023-06-12,37,Product_37,Makeup,4,112,448
1351,640,2024-11-09,2024-11-01,2024,Returned,False,268,France,2023-05-10,26,Product_26,Makeup,5,19,95
1352,856,2024-03-30,2024-03-01,2024,Completed,True,213,France,2024-04-27,35,Product_35,Skin,2,82,164
1353,282,2024-10-28,2024-10-01,2024,Completed,True,181,Spain,2023-10-27,34,Product_34,Hair,4,68,272
1354,17,2024-02-24,2024-02-01,2024,Completed,True,192,Italy,2023-08-10,35,Product_35,Skin,5,40,200
1355,71,2024-08-21,2024-08-01,2024,Completed,True,188,Germany,2023-07-30,40,Product_40,Hair,1,37,37
1356,269,2024-04-17,2024-04-01,2024,Cancelled,False,35,Spain,2023-11-14,16,Product_16,Makeup,2,69,138
1357,325,2024-03-12,2024-03-01,2024,Completed,True,186,Germany,2023-01-29,38,Product_38,Makeup,5,12,60
1358,794,2024-11-20,2024-11-01,2024,Completed,True,40,Morocco,2023-09-04,13,Product_13,Skin,5,64,320
1359,305,2024-10-31,2024-10-01,2024,Cancelled,False,104,Spain,2023-02-05,23,Product_23,Body,3,23,69
1360,451,2024-04-22,2024-04-01,2024,Completed,True,152,Morocco,2023-09-15,22,Product_22,Makeup,4,67,268
1361,7,2024-03-18,2024-03-01,2024,Completed,True,103,Italy,2023-03-22,16,Product_16,Makeup,3,98,294
1362,314,2024-10-28,2024-10-01,2024,Completed,True,36,Italy,2024-01-03,28,Product_28,Hair,2,24,48
1363,817,2024-05-05,2024-05-01,2024,Returned,False,113,Spain,2024-04-12,48,Product_48,Hair,5,11,55
1364,103,2024-09-02,2024-09-01,2024,Completed,True,257,Italy,2023-09-06,35,Product_35,Skin,3,33,99
1365,821,2024-08-21,2024-08-01,2024,Completed,True,90,Italy,2023-08-23,45,Product_45,Body,4,87,348
1366,193,2024-02-08,2024-02-01,2024,Completed,True,144,France,2023-06-22,46,Product_46,Makeup,2,73,146
1367,753,2024-09-26,2024-09-01,2024,Completed,True,86,Morocco,2024-02-17,8,Product_8,Body,1,80,80
1368,574,2024-11-15,2024-11-01,2024,Cancelled,False,186,Germany,2023-01-29,44,Product_44,Body,3,109,327
1369,529,2024-11-15,2024-11-01,2024,Completed,True,126,France,2023-07-24,22,Product_22,Makeup,2,33,66
1370,171,2024-11-07,2024-11-01,2024,Completed,True,130,Spain,2023-07-26,21,Product_21,Hair,1,36,36
1371,537,2024-03-12,2024-03-01,2024,Completed,True,1,Spain,2023-05-15,26,Product_26,Makeup,3,46,138
1372,251,2024-06-07,2024-06-01,2024,Completed,True,33,Italy,2023-04-11,40,Product_40,Hair,2,111,222
1373,765,2024-01-01,2024-01-01,2024,Completed,True,146,Morocco,2023-06-21,21,Product_21,Hair,2,103,206
1374,387,2024-11-11,2024-11-01,2024,Completed,True,94,Germany,2024-04-25,25,Product_25,Hair,3,100,300
1375,207,2024-11-25,2024-11-01,2024,Cancelled,False,267,Spain,2024-02-15,41,Product_41,Skin,2,48,96
1376,541,2024-11-04,2024-11-01,2024,Cancelled,False,134,Italy,2023-08-28,1,Product_1,Body,5,72,360
1377,629,2024-11-23,2024-11-01,2024,Completed,True,260,Italy,2024-03-11,6,Product_6,Body,3,88,264
1378,416,2024-10-30,2024-10-01,2024,Cancelled,False,163,Spain,2023-07-27,23,Product_23,Body,2,35,70
1379,794,2024-11-20,2024-11-01,2024,Completed,True,40,Morocco,2023-09-04,23,Product_23,Body,1,74,74
1380,380,2024-05-03,2024-05-01,2024,Completed,True,144,France,2023-06-22,43,Product_43,Hair,1,13,13
1381,144,2024-03-04,2024-03-01,2024,Completed,True,283,Italy,2023-01-21,43,Product_43,Hair,5,38,190
1382,25,2024-10-14,2024-10-01,2024,Completed,True,170,Morocco,2023-09-07,23,Product_23,Body,3,10,30
1383,822,2024-01-08,2024-01-01,2024,Completed,True,142,Germany,2024-03-15,32,Product_32,Body,2,116,232
1384,668,2024-07-29,2024-07-01,2024,Cancelled,False,184,France,2024-04-21,30,Product_30,Hair,2,59,118
1385,73,2024-04-28,2024-04-01,2024,Returned,False,157,Morocco,2024-04-07,13,Product_13,Skin,1,119,119
1386,632,2024-11-13,2024-11-01,2024,Cancelled,False,95,Spain,2023-11-23,43,Product_43,Hair,5,95,475
1387,824,2024-05-08,2024-05-01,2024,Completed,True,293,Germany,2023-11-04,18,Product_18,Makeup,1,20,20
1388,833,2024-07-11,2024-07-01,2024,Completed,True,13,Italy,2024-02-10,23,Product_23,Body,1,83,83
1389,93,2024-07-27,2024-07-01,2024,Completed,True,62,Spain,2023-05-07,15,Product_15,Makeup,5,68,340
1390,505,2024-10-11,2024-10-01,2024,Completed,True,174,Italy,2023-08-09,33,Product_33,Hair,3,71,213
1391,598,2024-07-20,2024-07-01,2024,Cancelled,False,289,Italy,2023-05-28,21,Product_21,Hair,2,90,180
1392,336,2024-08-28,2024-08-01,2024,Completed,True,264,France,2023-01-02,39,Product_39,Hair,3,45,135
1393,425,2024-07-09,2024-07-01,2024,Completed,True,285,Spain,2023-07-21,23,Product_23,Body,4,65,260
1394,499,2024-08-13,2024-08-01,2024,Completed,True,76,Spain,2023-02-07,27,Product_27,Makeup,4,99,396
1395,364,2024-04-07,2024-04-01,2024,Completed,True,239,Spain,2023-07-13,45,Product_45,Body,4,30,120
1396,947,2024-05-23,2024-05-01,2024,Completed,True,297,Germany,2023-12-23,44,Product_44,Body,5,22,110
1397,630,2024-06-26,2024-06-01,2024,Completed,True,288,France,2024-02-20,18,Product_18,Makeup,1,18,18
1398,745,2024-09-17,2024-09-01,2024,Completed,True,15,Morocco,2023-09-01,24,Product_24,Hair,3,20,60
1399,199,2024-04-11,2024-04-01,2024,Completed,True,148,Morocco,2024-04-02,47,Product_47,Hair,2,84,168
1400,718,2024-10-08,2024-10-01,2024,Completed,True,61,Germany,2023-11-29,40,Product_40,Hair,4,79,316
1401,413,2024-12-18,2024-12-01,2024,Cancelled,False,160,France,2023-05-11,42,Product_42,Skin,3,10,30
1402,339,2024-01-05,2024-01-01,2024,Completed,True,108,Italy,2023-06-04,7,Product_7,Hair,4,79,316
1403,659,2024-06-21,2024-06-01,2024,Completed,True,166,Morocco,2023-12-14,50,Product_50,Skin,4,86,344
1404,962,2024-06-07,2024-06-01,2024,Returned,False,63,Spain,2024-03-03,48,Product_48,Hair,2,95,190
1405,937,2024-10-01,2024-10-01,2024,Completed,True,171,Italy,2023-07-09,20,Product_20,Hair,5,65,325
1406,429,2024-05-12,2024-05-01,2024,Completed,True,242,France,2023-12-02,27,Product_27,Makeup,1,40,40
1407,783,2024-05-09,2024-05-01,2024,Completed,True,277,Germany,2023-07-19,6,Product_6,Body,5,95,475
1408,899,2024-04-19,2024-04-01,2024,Completed,True,10,Italy,2024-01-05,27,Product_27,Makeup,3,46,138
1409,139,2024-11-04,2024-11-01,2024,Completed,True,286,Spain,2023-10-06,9,Product_9,Makeup,5,56,280
1410,693,2024-05-31,2024-05-01,2024,Completed,True,122,Germany,2023-06-10,45,Product_45,Body,3,100,300
1411,942,2024-06-05,2024-06-01,2024,Completed,True,92,Spain,2023-09-01,31,Product_31,Body,3,87,261
1412,542,2024-01-08,2024-01-01,2024,Returned,False,58,Morocco,2023-12-05,21,Product_21,Hair,1,56,56
1413,57,2024-09-19,2024-09-01,2024,Completed,True,202,Spain,2023-02-18,26,Product_26,Makeup,2,78,156
1414,232,2024-01-16,2024-01-01,2024,Completed,True,75,Spain,2023-07-03,40,Product_40,Hair,1,67,67
1415,658,2024-12-21,2024-12-01,2024,Completed,True,249,Italy,2023-06-02,48,Product_48,Hair,5,45,225
1416,435,2024-01-23,2024-01-01,2024,Completed,True,90,Italy,2023-08-23,45,Product_45,Body,3,41,123
1417,384,2024-06-24,2024-06-01,2024,Completed,True,220,France,2024-01-29,13,Product_13,Skin,4,107,428
1418,560,2024-08-15,2024-08-01,2024,Completed,True,143,Italy,2023-08-24,49,Product_49,Makeup,4,73,292
1419,194,2024-10-17,2024-10-01,2024,Completed,True,97,Spain,2023-12-17,23,Product_23,Body,3,80,240
1420,736,2024-05-09,2024-05-01,2024,Completed,True,187,Morocco,2024-02-14,20,Product_20,Hair,1,51,51
1421,648,2024-01-12,2024-01-01,2024,Returned,False,229,France,2023-04-05,37,Product_37,Makeup,2,57,114
1422,534,2024-09-27,2024-09-01,2024,Completed,True,126,France,2023-07-24,28,Product_28,Hair,1,83,83
1423,518,2024-01-21,2024-01-01,2024,Returned,False,132,Germany,2023-10-07,17,Product_17,Hair,3,90,270
1424,716,2024-08-12,2024-08-01,2024,Completed,True,107,Italy,2024-01-05,28,Product_28,Hair,3,39,117
1425,751,2024-07-13,2024-07-01,2024,Completed,True,273,Germany,2023-08-16,41,Product_41,Skin,2,30,60
1426,185,2024-10-22,2024-10-01,2024,Completed,True,184,France,2024-04-21,2,Product_2,Skin,5,69,345
1427,872,2024-04-11,2024-04-01,2024,Completed,True,125,France,2023-05-07,25,Product_25,Hair,5,22,110
1428,292,2024-12-24,2024-12-01,2024,Completed,True,18,Morocco,2023-01-26,50,Product_50,Skin,2,10,20
1429,335,2024-08-05,2024-08-01,2024,Completed,True,101,Germany,2024-01-10,41,Product_41,Skin,5,74,370
1430,732,2024-04-20,2024-04-01,2024,Completed,True,78,Spain,2023-07-14,6,Product_6,Body,4,42,168
1431,116,2024-05-07,2024-05-01,2024,Returned,False,96,Germany,2024-01-31,11,Product_11,Makeup,5,47,235
1432,825,2024-09-20,2024-09-01,2024,Completed,True,139,France,2024-03-08,38,Product_38,Makeup,5,34,170
1433,49,2024-04-29,2024-04-01,2024,Completed,True,2,Italy,2023-02-10,6,Product_6,Body,5,35,175
1434,685,2024-07-31,2024-07-01,2024,Completed,True,184,France,2024-04-21,45,Product_45,Body,4,86,344
1435,82,2024-12-07,2024-12-01,2024,Cancelled,False,163,Spain,2023-07-27,11,Product_11,Makeup,5,68,340
1436,834,2024-11-06,2024-11-01,2024,Completed,True,168,France,2024-04-22,14,Product_14,Body,4,101,404
1437,333,2024-08-13,2024-08-01,2024,Completed,True,271,France,2023-08-29,2,Product_2,Skin,2,42,84
1438,557,2024-09-29,2024-09-01,2024,Returned,False,47,Italy,2024-01-16,40,Product_40,Hair,1,110,110
1439,335,2024-08-05,2024-08-01,2024,Completed,True,101,Germany,2024-01-10,3,Product_3,Hair,2,50,100
1440,532,2024-01-12,2024-01-01,2024,Completed,True,242,France,2023-12-02,35,Product_35,Skin,1,39,39
1441,960,2024-03-14,2024-03-01,2024,Completed,True,154,Morocco,2023-05-27,33,Product_33,Hair,2,66,132
1442,221,2024-07-18,2024-07-01,2024,Completed,True,9,Morocco,2023-08-09,24,Product_24,Hair,1,58,58
1443,635,2024-04-20,2024-04-01,2024,Returned,False,154,Morocco,2023-05-27,19,Product_19,Makeup,1,57,57
1444,746,2024-06-12,2024-06-01,2024,Cancelled,False,192,Italy,2023-08-10,18,Product_18,Makeup,3,81,243
1445,733,2024-01-14,2024-01-01,2024,Completed,True,216,Italy,2023-01-08,49,Product_49,Makeup,1,58,58
1446,323,2024-09-16,2024-09-01,2024,Completed,True,51,Germany,2024-02-03,24,Product_24,Hair,1,56,56
1447,851,2024-05-21,2024-05-01,2024,Completed,True,267,Spain,2024-02-15,45,Product_45,Body,3,65,195
1448,3,2024-05-23,2024-05-01,2024,Completed,True,107,Italy,2024-01-05,35,Product_35,Skin,5,74,370
1449,694,2024-02-19,2024-02-01,2024,Completed,True,51,Germany,2024-02-03,1,Product_1,Body,5,21,105
1450,206,2024-01-17,2024-01-01,2024,Completed,True,129,France,2024-03-29,36,Product_36,Skin,3,78,234
1451,832,2024-10-16,2024-10-01,2024,Completed,True,172,Italy,2023-07-18,25,Product_25,Hair,4,97,388
1452,40,2024-02-20,2024-02-01,2024,Completed,True,242,France,2023-12-02,45,Product_45,Body,1,15,15
1453,59,2024-05-30,2024-05-01,2024,Completed,True,271,France,2023-08-29,49,Product_49,Makeup,1,98,98
1454,951,2024-01-02,2024-01-01,2024,Completed,True,101,Germany,2024-01-10,43,Product_43,Hair,3,74,222
1455,574,2024-11-15,2024-11-01,2024,Cancelled,False,186,Germany,2023-01-29,34,Product_34,Hair,3,34,102
1456,644,2024-10-23,2024-10-01,2024,Returned,False,251,Morocco,2024-04-10,25,Product_25,Hair,4,10,40
1457,507,2024-03-15,2024-03-01,2024,Completed,True,168,France,2024-04-22,16,Product_16,Makeup,5,41,205
1458,572,2024-10-03,2024-10-01,2024,Completed,True,90,Italy,2023-08-23,34,Product_34,Hair,2,115,230
1459,884,2024-03-29,2024-03-01,2024,Completed,True,67,Spain,2023-03-29,29,Product_29,Makeup,5,115,575
1460,843,2024-03-16,2024-03-01,2024,Returned,False,69,Germany,2024-02-13,19,Product_19,Makeup,1,12,12
1461,122,2024-01-17,2024-01-01,2024,Completed,True,29,Germany,2023-07-26,23,Product_23,Body,3,58,174
1462,479,2024-07-11,2024-07-01,2024,Cancelled,False,99,Italy,2024-01-09,19,Product_19,Makeup,4,28,112
1463,619,2024-11-12,2024-11-01,2024,Completed,True,165,Italy,2023-04-05,25,Product_25,Hair,5,69,345
1464,96,2024-01-14,2024-01-01,2024,Completed,True,99,Italy,2024-01-09,16,Product_16,Makeup,4,116,464
1465,859,2024-03-03,2024-03-01,2024,Completed,True,78,Spain,2023-07-14,9,Product_9,Makeup,5,38,190
1466,414,2024-02-28,2024-02-01,2024,Cancelled,False,152,Morocco,2023-09-15,1,Product_1,Body,1,59,59
1467,235,2024-03-26,2024-03-01,2024,Returned,False,254,Germany,2023-08-09,42,Product_42,Skin,2,11,22
1468,898,2024-12-20,2024-12-01,2024,Completed,True,86,Morocco,2024-02-17,19,Product_19,Makeup,4,82,328
1469,62,2024-04-21,2024-04-01,2024,Completed,True,190,Spain,2023-10-20,33,Product_33,Hair,4,65,260
1470,256,2024-04-07,2024-04-01,2024,Completed,True,38,Morocco,2024-05-03,34,Product_34,Hair,2,26,52
1471,561,2024-01-09,2024-01-01,2024,Completed,True,1,Spain,2023-05-15,16,Product_16,Makeup,4,69,276
1472,905,2024-11-23,2024-11-01,2024,Completed,True,228,Germany,2023-10-12,44,Product_44,Body,4,119,476
1473,348,2024-08-28,2024-08-01,2024,Completed,True,106,France,2023-05-09,40,Product_40,Hair,5,45,225
1474,671,2024-12-17,2024-12-01,2024,Cancelled,False,34,Morocco,2024-01-03,18,Product_18,Makeup,5,70,350
1475,124,2024-06-01,2024-06-01,2024,Completed,True,13,Italy,2024-02-10,34,Product_34,Hair,2,26,52
1476,482,2024-07-28,2024-07-01,2024,Completed,True,151,Germany,2023-06-06,25,Product_25,Hair,1,58,58
1477,317,2024-03-02,2024-03-01,2024,Completed,True,264,France,2023-01-02,45,Product_45,Body,4,85,340
1478,504,2024-09-27,2024-09-01,2024,Completed,True,7,Spain,2024-04-07,6,Product_6,Body,1,69,69
1479,719,2024-01-08,2024-01-01,2024,Completed,True,26,Spain,2023-07-24,21,Product_21,Hair,2,29,58
1480,48,2024-10-14,2024-10-01,2024,Completed,True,50,France,2024-04-04,6,Product_6,Body,2,59,118
1481,409,2024-05-26,2024-05-01,2024,Completed,True,16,Germany,2024-01-25,32,Product_32,Body,5,12,60
1482,932,2024-02-20,2024-02-01,2024,Cancelled,False,141,Germany,2024-05-11,41,Product_41,Skin,4,52,208
1483,136,2024-04-07,2024-04-01,2024,Completed,True,28,Morocco,2024-02-04,48,Product_48,Hair,3,66,198
1484,201,2024-01-12,2024-01-01,2024,Completed,True,147,Germany,2024-05-08,43,Product_43,Hair,2,59,118
1485,250,2024-01-14,2024-01-01,2024,Returned,False,128,Italy,2024-03-20,39,Product_39,Hair,4,77,308
1486,314,2024-10-28,2024-10-01,2024,Completed,True,36,Italy,2024-01-03,31,Product_31,Body,1,90,90
1487,869,2024-06-07,2024-06-01,2024,Returned,False,14,Italy,2023-01-04,42,Product_42,Skin,5,59,295
1488,368,2024-05-02,2024-05-01,2024,Completed,True,118,Morocco,2023-04-19,10,Product_10,Hair,1,46,46
1489,429,2024-05-12,2024-05-01,2024,Completed,True,242,France,2023-12-02,30,Product_30,Hair,2,55,110
1490,830,2024-03-26,2024-03-01,2024,Completed,True,261,Morocco,2023-10-31,18,Product_18,Makeup,2,51,102
1491,807,2024-11-01,2024-11-01,2024,Completed,True,203,Spain,2024-01-12,24,Product_24,Hair,1,24,24
1492,480,2024-01-22,2024-01-01,2024,Completed,True,25,Italy,2023-01-31,9,Product_9,Makeup,2,42,84
1493,314,2024-10-28,2024-10-01,2024,Completed,True,36,Italy,2024-01-03,31,Product_31,Body,4,89,356
1494,500,2024-10-11,2024-10-01,2024,Completed,True,9,Morocco,2023-08-09,15,Product_15,Makeup,2,20,40
1495,721,2024-08-27,2024-08-01,2024,Returned,False,257,Italy,2023-09-06,4,Product_4,Body,5,29,145
1496,355,2024-01-03,2024-01-01,2024,Completed,True,58,Morocco,2023-12-05,40,Product_40,Hair,4,111,444
1497,485,2024-07-10,2024-07-01,2024,Completed,True,39,Morocco,2024-02-15,9,Product_9,Makeup,3,33,99
1498,211,2024-01-12,2024-01-01,2024,Completed,True,263,Spain,2024-05-07,45,Product_45,Body,2,73,146
1499,704,2024-09-18,2024-09-01,2024,Completed,True,46,Italy,2023-12-25,9,Product_9,Makeup,2,89,178
1500,44,2024-10-17,2024-10-01,2024,Completed,True,264,France,2023-01-02,26,Product_26,Makeup,5,103,515
1501,541,2024-11-04,2024-11-01,2024,Cancelled,False,134,Italy,2023-08-28,4,Product_4,Body,5,107,535
1502,571,2024-03-12,2024-03-01,2024,Completed,True,164,Germany,2024-03-25,17,Product_17,Hair,1,74,74
1503,583,2024-04-11,2024-04-01,2024,Completed,True,212,Morocco,2023-08-09,16,Product_16,Makeup,1,97,97
1504,92,2024-08-11,2024-08-01,2024,Completed,True,48,Italy,2023-12-24,15,Product_15,Makeup,1,97,97
1505,265,2024-12-14,2024-12-01,2024,Returned,False,97,Spain,2023-12-17,35,Product_35,Skin,5,82,410
1506,895,2024-10-17,2024-10-01,2024,Returned,False,289,Italy,2023-05-28,5,Product_5,Skin,1,95,95
1507,220,2024-07-16,2024-07-01,2024,Cancelled,False,160,France,2023-05-11,5,Product_5,Skin,1,85,85
1508,902,2024-01-03,2024-01-01,2024,Completed,True,118,Morocco,2023-04-19,20,Product_20,Hair,3,26,78
1509,925,2024-12-01,2024-12-01,2024,Completed,True,11,Morocco,2024-01-03,15,Product_15,Makeup,1,98,98
1510,442,2024-09-14,2024-09-01,2024,Completed,True,277,Germany,2023-07-19,18,Product_18,Makeup,2,101,202
1511,401,2024-02-09,2024-02-01,2024,Completed,True,290,Germany,2024-04-02,47,Product_47,Hair,5,70,350
1512,400,2024-02-25,2024-02-01,2024,Completed,True,100,Italy,2024-02-08,2,Product_2,Skin,4,24,96
1513,727,2024-10-19,2024-10-01,2024,Completed,True,127,Italy,2023-01-29,29,Product_29,Makeup,3,103,309
1514,991,2024-06-02,2024-06-01,2024,Completed,True,189,Germany,2023-06-03,13,Product_13,Skin,5,60,300
1515,899,2024-04-19,2024-04-01,2024,Completed,True,10,Italy,2024-01-05,4,Product_4,Body,5,36,180
1516,789,2024-04-28,2024-04-01,2024,Completed,True,152,Morocco,2023-09-15,42,Product_42,Skin,2,95,190
1517,576,2024-04-04,2024-04-01,2024,Completed,True,28,Morocco,2024-02-04,45,Product_45,Body,1,83,83
1518,858,2024-07-10,2024-07-01,2024,Completed,True,5,Italy,2024-02-05,10,Product_10,Hair,2,70,140
1519,804,2024-10-25,2024-10-01,2024,Completed,True,94,Germany,2024-04-25,31,Product_31,Body,1,67,67
1520,490,2024-09-07,2024-09-01,2024,Completed,True,223,Spain,2023-12-15,41,Product_41,Skin,1,40,40
1521,485,2024-07-10,2024-07-01,2024,Completed,True,39,Morocco,2024-02-15,8,Product_8,Body,5,100,500
1522,757,2024-11-27,2024-11-01,2024,Completed,True,145,France,2023-06-07,3,Product_3,Hair,1,21,21
1523,470,2024-10-04,2024-10-01,2024,Completed,True,233,Spain,2023-05-29,48,Product_48,Hair,3,55,165
1524,574,2024-11-15,2024-11-01,2024,Cancelled,False,186,Germany,2023-01-29,46,Product_46,Makeup,3,40,120
1525,938,2024-10-16,2024-10-01,2024,Returned,False,133,Germany,2023-05-31,9,Product_9,Makeup,3,41,123
1526,844,2024-11-23,2024-11-01,2024,Completed,True,236,Morocco,2023-01-02,30,Product_30,Hair,5,41,205
1527,682,2024-11-27,2024-11-01,2024,Cancelled,False,183,Italy,2023-02-24,11,Product_11,Makeup,2,114,228
1528,445,2024-01-12,2024-01-01,2024,Completed,True,192,Italy,2023-08-10,35,Product_35,Skin,4,118,472
1529,269,2024-04-17,2024-04-01,2024,Cancelled,False,35,Spain,2023-11-14,37,Product_37,Makeup,1,108,108
1530,267,2024-06-09,2024-06-01,2024,Completed,True,147,Germany,2024-05-08,42,Product_42,Skin,4,62,248
1531,54,2024-11-06,2024-11-01,2024,Completed,True,218,Germany,2024-04-12,13,Product_13,Skin,2,70,140
1532,528,2024-06-11,2024-06-01,2024,Completed,True,39,Morocco,2024-02-15,36,Product_36,Skin,2,55,110
1533,520,2024-12-22,2024-12-01,2024,Completed,True,70,Morocco,2023-08-03,13,Product_13,Skin,5,94,470
1534,616,2024-04-15,2024-04-01,2024,Completed,True,259,Spain,2024-03-15,12,Product_12,Skin,3,83,249
1535,59,2024-05-30,2024-05-01,2024,Completed,True,271,France,2023-08-29,37,Product_37,Makeup,3,89,267
1536,825,2024-09-20,2024-09-01,2024,Completed,True,139,France,2024-03-08,10,Product_10,Hair,2,16,32
1537,40,2024-02-20,2024-02-01,2024,Completed,True,242,France,2023-12-02,9,Product_9,Makeup,5,13,65
1538,237,2024-09-26,2024-09-01,2024,Completed,True,112,Germany,2024-04-25,7,Product_7,Hair,5,100,500
1539,955,2024-12-10,2024-12-01,2024,Completed,True,55,Italy,2024-05-04,2,Product_2,Skin,1,61,61
1540,386,2024-02-06,2024-02-01,2024,Completed,True,47,Italy,2024-01-16,23,Product_23,Body,3,98,294
1541,606,2024-04-25,2024-04-01,2024,Completed,True,63,Spain,2024-03-03,39,Product_39,Hair,2,40,80
1542,734,2024-08-18,2024-08-01,2024,Completed,True,154,Morocco,2023-05-27,40,Product_40,Hair,4,84,336
1543,716,2024-08-12,2024-08-01,2024,Completed,True,107,Italy,2024-01-05,39,Product_39,Hair,3,93,279
1544,650,2024-01-12,2024-01-01,2024,Completed,True,75,Spain,2023-07-03,21,Product_21,Hair,1,45,45
1545,300,2024-05-25,2024-05-01,2024,Returned,False,288,France,2024-02-20,23,Product_23,Body,5,63,315
1546,395,2024-11-13,2024-11-01,2024,Completed,True,222,Spain,2023-07-10,29,Product_29,Makeup,2,63,126
1547,207,2024-11-25,2024-11-01,2024,Cancelled,False,267,Spain,2024-02-15,14,Product_14,Body,3,26,78
1548,336,2024-08-28,2024-08-01,2024,Completed,True,264,France,2023-01-02,26,Product_26,Makeup,4,118,472
1549,593,2024-11-05,2024-11-01,2024,Completed,True,286,Spain,2023-10-06,5,Product_5,Skin,1,84,84
1550,730,2024-11-13,2024-11-01,2024,Completed,True,14,Italy,2023-01-04,31,Product_31,Body,1,39,39
1551,514,2024-07-13,2024-07-01,2024,Completed,True,165,Italy,2023-04-05,25,Product_25,Hair,3,108,324
1552,178,2024-08-31,2024-08-01,2024,Completed,True,53,France,2023-11-04,31,Product_31,Body,4,114,456
1553,396,2024-12-14,2024-12-01,2024,Completed,True,23,Spain,2023-04-02,50,Product_50,Skin,1,111,111
1554,371,2024-07-13,2024-07-01,2024,Completed,True,237,Italy,2023-06-27,20,Product_20,Hair,2,31,62
1555,858,2024-07-10,2024-07-01,2024,Completed,True,5,Italy,2024-02-05,44,Product_44,Body,1,52,52
1556,791,2024-07-16,2024-07-01,2024,Returned,False,247,Spain,2024-05-12,17,Product_17,Hair,4,36,144
1557,658,2024-12-21,2024-12-01,2024,Completed,True,249,Italy,2023-06-02,45,Product_45,Body,5,46,230
1558,318,2024-11-28,2024-11-01,2024,Completed,True,142,Germany,2024-03-15,2,Product_2,Skin,5,55,275
1559,736,2024-05-09,2024-05-01,2024,Completed,True,187,Morocco,2024-02-14,25,Product_25,Hair,3,44,132
1560,369,2024-01-29,2024-01-01,2024,Completed,True,48,Italy,2023-12-24,13,Product_13,Skin,4,13,52
1561,384,2024-06-24,2024-06-01,2024,Completed,True,220,France,2024-01-29,39,Product_39,Hair,1,89,89
1562,62,2024-04-21,2024-04-01,2024,Completed,True,190,Spain,2023-10-20,28,Product_28,Hair,1,89,89
1563,806,2024-08-04,2024-08-01,2024,Cancelled,False,194,Morocco,2024-03-12,42,Product_42,Skin,5,94,470
1564,505,2024-10-11,2024-10-01,2024,Completed,True,174,Italy,2023-08-09,6,Product_6,Body,5,35,175
1565,239,2024-04-26,2024-04-01,2024,Completed,True,153,Germany,2023-06-13,3,Product_3,Hair,2,109,218
1566,195,2024-05-10,2024-05-01,2024,Completed,True,201,France,2024-01-16,35,Product_35,Skin,5,28,140
1567,678,2024-02-04,2024-02-01,2024,Returned,False,240,France,2024-04-26,18,Product_18,Makeup,2,90,180
1568,963,2024-03-11,2024-03-01,2024,Completed,True,244,Italy,2023-07-15,11,Product_11,Makeup,1,54,54
1569,222,2024-01-25,2024-01-01,2024,Completed,True,233,Spain,2023-05-29,20,Product_20,Hair,2,35,70
1570,61,2024-05-26,2024-05-01,2024,Completed,True,252,Germany,2023-12-28,5,Product_5,Skin,2,31,62
1571,129,2024-12-07,2024-12-01,2024,Completed,True,284,Morocco,2023-08-22,19,Product_19,Makeup,3,67,201
1572,990,2024-02-18,2024-02-01,2024,Returned,False,63,Spain,2024-03-03,22,Product_22,Makeup,5,72,360
1573,685,2024-07-31,2024-07-01,2024,Completed,True,184,France,2024-04-21,19,Product_19,Makeup,2,37,74
1574,992,2024-12-12,2024-12-01,2024,Completed,True,49,Spain,2024-01-28,47,Product_47,Hair,1,74,74
1575,156,2024-10-22,2024-10-01,2024,Completed,True,160,France,2023-05-11,16,Product_16,Makeup,4,53,212
1576,917,2024-09-27,2024-09-01,2024,Returned,False,115,Italy,2023-12-22,24,Product_24,Hair,2,109,218
1577,378,2024-09-17,2024-09-01,2024,Completed,True,76,Spain,2023-02-07,41,Product_41,Skin,5,52,260
1578,622,2024-09-18,2024-09-01,2024,Completed,True,145,France,2023-06-07,4,Product_4,Body,3,46,138
1579,781,2024-09-07,2024-09-01,2024,Completed,True,289,Italy,2023-05-28,15,Product_15,Makeup,1,75,75
1580,923,2024-01-21,2024-01-01,2024,Completed,True,69,Germany,2024-02-13,25,Product_25,Hair,3,26,78
1581,868,2024-03-17,2024-03-01,2024,Completed,True,104,Spain,2023-02-05,44,Product_44,Body,4,49,196
1582,903,2024-03-25,2024-03-01,2024,Completed,True,294,France,2024-01-06,35,Product_35,Skin,2,47,94
1583,790,2024-02-04,2024-02-01,2024,Completed,True,137,France,2023-04-15,14,Product_14,Body,2,94,188
1584,586,2024-06-27,2024-06-01,2024,Completed,True,46,Italy,2023-12-25,49,Product_49,Makeup,5,70,350
1585,999,2024-02-29,2024-02-01,2024,Completed,True,158,Italy,2024-01-02,19,Product_19,Makeup,2,18,36
1586,437,2024-12-28,2024-12-01,2024,Returned,False,105,France,2023-03-08,38,Product_38,Makeup,1,86,86
1587,975,2024-05-20,2024-05-01,2024,Completed,True,25,Italy,2023-01-31,36,Product_36,Skin,4,84,336
1588,207,2024-11-25,2024-11-01,2024,Cancelled,False,267,Spain,2024-02-15,7,Product_7,Hair,3,70,210
1589,388,2024-06-24,2024-06-01,2024,Completed,True,238,Spain,2024-02-29,30,Product_30,Hair,4,89,356
1590,480,2024-01-22,2024-01-01,2024,Completed,True,25,Italy,2023-01-31,19,Product_19,Makeup,2,25,50
1591,791,2024-07-16,2024-07-01,2024,Returned,False,247,Spain,2024-05-12,49,Product_49,Makeup,3,11,33
1592,887,2024-03-05,2024-03-01,2024,Completed,True,15,Morocco,2023-09-01,25,Product_25,Hair,5,115,575
1593,838,2024-05-24,2024-05-01,2024,Completed,True,273,Germany,2023-08-16,16,Product_16,Makeup,4,117,468
1594,984,2024-04-30,2024-04-01,2024,Completed,True,156,Italy,2023-06-03,47,Product_47,Hair,3,81,243
1595,340,2024-09-17,2024-09-01,2024,Completed,True,5,Italy,2024-02-05,40,Product_40,Hair,3,52,156
1596,869,2024-06-07,2024-06-01,2024,Returned,False,14,Italy,2023-01-04,8,Product_8,Body,3,51,153
1597,340,2024-09-17,2024-09-01,2024,Completed,True,5,Italy,2024-02-05,18,Product_18,Makeup,1,86,86
1598,204,2024-02-13,2024-02-01,2024,Completed,True,128,Italy,2024-03-20,28,Product_28,Hair,4,66,264
1599,161,2024-10-21,2024-10-01,2024,Completed,True,52,France,2023-01-21,16,Product_16,Makeup,3,90,270
1600,540,2024-04-02,2024-04-01,2024,Completed,True,117,Spain,2024-04-15,19,Product_19,Makeup,4,112,448
1601,392,2024-02-09,2024-02-01,2024,Completed,True,100,Italy,2024-02-08,42,Product_42,Skin,3,97,291
1602,769,2024-04-30,2024-04-01,2024,Completed,True,34,Morocco,2024-01-03,17,Product_17,Hair,5,76,380
1603,677,2024-08-30,2024-08-01,2024,Completed,True,43,France,2023-06-22,45,Product_45,Body,5,39,195
1604,575,2024-12-03,2024-12-01,2024,Cancelled,False,178,France,2023-11-20,13,Product_13,Skin,5,22,110
1605,534,2024-09-27,2024-09-01,2024,Completed,True,126,France,2023-07-24,7,Product_7,Hair,2,28,56
1606,70,2024-01-11,2024-01-01,2024,Completed,True,252,Germany,2023-12-28,27,Product_27,Makeup,3,16,48
1607,893,2024-10-31,2024-10-01,2024,Completed,True,38,Morocco,2024-05-03,10,Product_10,Hair,2,18,36
1608,405,2024-08-24,2024-08-01,2024,Completed,True,147,Germany,2024-05-08,34,Product_34,Hair,4,92,368
1609,608,2024-04-12,2024-04-01,2024,Cancelled,False,283,Italy,2023-01-21,36,Product_36,Skin,2,118,236
1610,675,2024-05-10,2024-05-01,2024,Completed,True,126,France,2023-07-24,25,Product_25,Hair,4,63,252
1611,591,2024-06-08,2024-06-01,2024,Completed,True,197,Italy,2023-09-08,6,Product_6,Body,4,113,452
1612,517,2024-04-01,2024-04-01,2024,Completed,True,217,Italy,2023-02-01,24,Product_24,Hair,4,95,380
1613,828,2024-12-23,2024-12-01,2024,Completed,True,178,France,2023-11-20,18,Product_18,Makeup,2,91,182
1614,120,2024-02-10,2024-02-01,2024,Cancelled,False,143,Italy,2023-08-24,23,Product_23,Body,3,70,210
1615,814,2024-10-20,2024-10-01,2024,Completed,True,212,Morocco,2023-08-09,6,Product_6,Body,2,96,192
1616,690,2024-08-07,2024-08-01,2024,Completed,True,93,Germany,2023-12-24,29,Product_29,Makeup,3,11,33
1617,688,2024-10-19,2024-10-01,2024,Cancelled,False,195,Spain,2023-06-07,25,Product_25,Hair,3,59,177
1618,902,2024-01-03,2024-01-01,2024,Completed,True,118,Morocco,2023-04-19,17,Product_17,Hair,4,84,336
1619,217,2024-05-28,2024-05-01,2024,Completed,True,254,Germany,2023-08-09,46,Product_46,Makeup,2,40,80
1620,56,2024-11-25,2024-11-01,2024,Completed,True,162,Italy,2023-09-12,24,Product_24,Hair,3,42,126
1621,366,2024-04-14,2024-04-01,2024,Completed,True,96,Germany,2024-01-31,11,Product_11,Makeup,5,87,435
1622,699,2024-04-26,2024-04-01,2024,Completed,True,22,Italy,2023-08-04,26,Product_26,Makeup,3,89,267
1623,504,2024-09-27,2024-09-01,2024,Completed,True,7,Spain,2024-04-07,34,Product_34,Hair,5,20,100
1624,744,2024-08-16,2024-08-01,2024,Completed,True,227,Spain,2023-09-21,28,Product_28,Hair,2,42,84
1625,767,2024-03-04,2024-03-01,2024,Completed,True,228,Germany,2023-10-12,3,Product_3,Hair,2,16,32
1626,925,2024-12-01,2024-12-01,2024,Completed,True,11,Morocco,2024-01-03,11,Product_11,Makeup,2,40,80
1627,455,2024-08-10,2024-08-01,2024,Returned,False,37,Italy,2023-08-29,38,Product_38,Makeup,3,57,171
1628,104,2024-10-04,2024-10-01,2024,Cancelled,False,5,Italy,2024-02-05,14,Product_14,Body,1,119,119
1629,77,2024-09-12,2024-09-01,2024,Completed,True,129,France,2024-03-29,26,Product_26,Makeup,3,56,168
1630,230,2024-10-14,2024-10-01,2024,Completed,True,161,Germany,2023-12-24,48,Product_48,Hair,3,87,261
1631,914,2024-10-19,2024-10-01,2024,Completed,True,173,Morocco,2024-04-28,21,Product_21,Hair,4,101,404
1632,258,2024-10-19,2024-10-01,2024,Completed,True,51,Germany,2024-02-03,39,Product_39,Hair,4,62,248
1633,264,2024-01-04,2024-01-01,2024,Completed,True,286,Spain,2023-10-06,30,Product_30,Hair,3,116,348
1634,331,2024-11-25,2024-11-01,2024,Completed,True,180,Italy,2023-04-03,8,Product_8,Body,5,89,445
1635,993,2024-10-19,2024-10-01,2024,Completed,True,257,Italy,2023-09-06,20,Product_20,Hair,4,28,112
1636,182,2024-06-02,2024-06-01,2024,Completed,True,198,Germany,2023-05-02,48,Product_48,Hair,3,90,270
1637,893,2024-10-31,2024-10-01,2024,Completed,True,38,Morocco,2024-05-03,32,Product_32,Body,1,99,99
1638,768,2024-10-10,2024-10-01,2024,Completed,True,111,France,2023-06-17,22,Product_22,Makeup,5,15,75
1639,550,2024-01-24,2024-01-01,2024,Completed,True,203,Spain,2024-01-12,7,Product_7,Hair,2,116,232
1640,688,2024-10-19,2024-10-01,2024,Cancelled,False,195,Spain,2023-06-07,9,Product_9,Makeup,3,58,174
1641,27,2024-12-14,2024-12-01,2024,Completed,True,271,France,2023-08-29,45,Product_45,Body,3,82,246
1642,276,2024-09-25,2024-09-01,2024,Completed,True,46,Italy,2023-12-25,1,Product_1,Body,5,59,295
1643,652,2024-10-27,2024-10-01,2024,Completed,True,192,Italy,2023-08-10,29,Product_29,Makeup,4,90,360
1644,299,2024-11-19,2024-11-01,2024,Returned,False,114,Morocco,2023-05-22,8,Product_8,Body,4,104,416
1645,957,2024-09-19,2024-09-01,2024,Completed,True,137,France,2023-04-15,4,Product_4,Body,4,21,84
1646,799,2024-10-02,2024-10-01,2024,Completed,True,220,France,2024-01-29,35,Product_35,Skin,2,32,64
1647,91,2024-05-07,2024-05-01,2024,Completed,True,33,Italy,2023-04-11,3,Product_3,Hair,5,63,315
1648,480,2024-01-22,2024-01-01,2024,Completed,True,25,Italy,2023-01-31,45,Product_45,Body,5,78,390
1649,573,2024-09-30,2024-09-01,2024,Completed,True,136,Spain,2023-07-01,40,Product_40,Hair,4,116,464
1650,458,2024-12-09,2024-12-01,2024,Completed,True,13,Italy,2024-02-10,7,Product_7,Hair,4,109,436
1651,451,2024-04-22,2024-04-01,2024,Completed,True,152,Morocco,2023-09-15,27,Product_27,Makeup,1,68,68
1652,365,2024-09-23,2024-09-01,2024,Completed,True,290,Germany,2024-04-02,1,Product_1,Body,1,45,45
1653,859,2024-03-03,2024-03-01,2024,Completed,True,78,Spain,2023-07-14,27,Product_27,Makeup,3,12,36
1654,675,2024-05-10,2024-05-01,2024,Completed,True,126,France,2023-07-24,16,Product_16,Makeup,3,67,201
1655,351,2024-12-03,2024-12-01,2024,Cancelled,False,145,France,2023-06-07,38,Product_38,Makeup,5,97,485
1656,655,2024-05-26,2024-05-01,2024,Completed,True,294,France,2024-01-06,7,Product_7,Hair,5,64,320
1657,400,2024-02-25,2024-02-01,2024,Completed,True,100,Italy,2024-02-08,44,Product_44,Body,2,66,132
1658,253,2024-04-17,2024-04-01,2024,Completed,True,22,Italy,2023-08-04,23,Product_23,Body,2,26,52
1659,781,2024-09-07,2024-09-01,2024,Completed,True,289,Italy,2023-05-28,41,Product_41,Skin,1,48,48
1660,881,2024-05-08,2024-05-01,2024,Completed,True,39,Morocco,2024-02-15,11,Product_11,Makeup,3,99,297
1661,803,2024-09-07,2024-09-01,2024,Completed,True,118,Morocco,2023-04-19,42,Product_42,Skin,1,77,77
1662,459,2024-12-30,2024-12-01,2024,Completed,True,279,Spain,2024-01-25,33,Product_33,Hair,1,64,64
1663,699,2024-04-26,2024-04-01,2024,Completed,True,22,Italy,2023-08-04,50,Product_50,Skin,3,54,162
1664,917,2024-09-27,2024-09-01,2024,Returned,False,115,Italy,2023-12-22,36,Product_36,Skin,2,85,170
1665,499,2024-08-13,2024-08-01,2024,Completed,True,76,Spain,2023-02-07,37,Product_37,Makeup,3,10,30
1666,950,2024-05-25,2024-05-01,2024,Returned,False,257,Italy,2023-09-06,41,Product_41,Skin,4,30,120
1667,971,2024-06-20,2024-06-01,2024,Completed,True,251,Morocco,2024-04-10,17,Product_17,Hair,4,92,368
1668,926,2024-10-29,2024-10-01,2024,Completed,True,254,Germany,2023-08-09,35,Product_35,Skin,4,30,120
1669,508,2024-10-14,2024-10-01,2024,Cancelled,False,170,Morocco,2023-09-07,48,Product_48,Hair,5,61,305
1670,304,2024-03-13,2024-03-01,2024,Completed,True,273,Germany,2023-08-16,5,Product_5,Skin,2,91,182
1671,501,2024-01-04,2024-01-01,2024,Completed,True,74,Morocco,2023-08-23,48,Product_48,Hair,2,52,104
1672,803,2024-09-07,2024-09-01,2024,Completed,True,118,Morocco,2023-04-19,32,Product_32,Body,5,61,305
1673,598,2024-07-20,2024-07-01,2024,Cancelled,False,289,Italy,2023-05-28,3,Product_3,Hair,1,76,76
1674,166,2024-02-24,2024-02-01,2024,Completed,True,113,Spain,2024-04-12,47,Product_47,Hair,4,53,212
1675,415,2024-02-28,2024-02-01,2024,Completed,True,178,France,2023-11-20,35,Product_35,Skin,4,41,164
1676,462,2024-03-14,2024-03-01,2024,Returned,False,273,Germany,2023-08-16,14,Product_14,Body,1,19,19
1677,920,2024-11-21,2024-11-01,2024,Returned,False,282,France,2024-05-06,48,Product_48,Hair,3,73,219
1678,114,2024-11-21,2024-11-01,2024,Completed,True,241,Morocco,2024-01-22,31,Product_31,Body,3,113,339
1679,433,2024-09-05,2024-09-01,2024,Completed,True,264,France,2023-01-02,31,Product_31,Body,2,88,176
1680,992,2024-12-12,2024-12-01,2024,Completed,True,49,Spain,2024-01-28,17,Product_17,Hair,5,78,390
1681,356,2024-06-08,2024-06-01,2024,Completed,True,229,France,2023-04-05,24,Product_24,Hair,2,77,154
1682,928,2024-05-03,2024-05-01,2024,Completed,True,134,Italy,2023-08-28,23,Product_23,Body,3,37,111
1683,695,2024-06-25,2024-06-01,2024,Completed,True,277,Germany,2023-07-19,18,Product_18,Makeup,1,62,62
1684,207,2024-11-25,2024-11-01,2024,Cancelled,False,267,Spain,2024-02-15,50,Product_50,Skin,2,60,120
1685,768,2024-10-10,2024-10-01,2024,Completed,True,111,France,2023-06-17,14,Product_14,Body,4,62,248
1686,235,2024-03-26,2024-03-01,2024,Returned,False,254,Germany,2023-08-09,50,Product_50,Skin,4,13,52
1687,442,2024-09-14,2024-09-01,2024,Completed,True,277,Germany,2023-07-19,15,Product_15,Makeup,1,88,88
1688,355,2024-01-03,2024-01-01,2024,Completed,True,58,Morocco,2023-12-05,15,Product_15,Makeup,3,26,78
1689,515,2024-12-02,2024-12-01,2024,Completed,True,136,Spain,2023-07-01,6,Product_6,Body,4,117,468
1690,208,2024-02-26,2024-02-01,2024,Returned,False,151,Germany,2023-06-06,27,Product_27,Makeup,4,76,304
1691,709,2024-05-04,2024-05-01,2024,Returned,False,282,France,2024-05-06,15,Product_15,Makeup,5,83,415
1692,853,2024-10-30,2024-10-01,2024,Completed,True,270,Spain,2023-09-17,50,Product_50,Skin,2,56,112
1693,125,2024-03-16,2024-03-01,2024,Completed,True,160,France,2023-05-11,36,Product_36,Skin,3,115,345
1694,138,2024-08-24,2024-08-01,2024,Completed,True,44,France,2023-02-04,8,Product_8,Body,2,65,130
1695,339,2024-01-05,2024-01-01,2024,Completed,True,108,Italy,2023-06-04,15,Product_15,Makeup,3,32,96
1696,537,2024-03-12,2024-03-01,2024,Completed,True,1,Spain,2023-05-15,3,Product_3,Hair,4,27,108
1697,68,2024-10-29,2024-10-01,2024,Completed,True,280,Italy,2023-01-31,47,Product_47,Hair,5,10,50
1698,573,2024-09-30,2024-09-01,2024,Completed,True,136,Spain,2023-07-01,13,Product_13,Skin,2,44,88
1699,541,2024-11-04,2024-11-01,2024,Cancelled,False,134,Italy,2023-08-28,41,Product_41,Skin,4,73,292
1700,383,2024-09-07,2024-09-01,2024,Completed,True,285,Spain,2023-07-21,34,Product_34,Hair,3,67,201
1701,19,2024-05-10,2024-05-01,2024,Returned,False,161,Germany,2023-12-24,24,Product_24,Hair,2,104,208
1702,683,2024-10-31,2024-10-01,2024,Completed,True,95,Spain,2023-11-23,40,Product_40,Hair,2,68,136
1703,450,2024-06-03,2024-06-01,2024,Completed,True,96,Germany,2024-01-31,32,Product_32,Body,4,117,468
1704,74,2024-01-20,2024-01-01,2024,Returned,False,15,Morocco,2023-09-01,32,Product_32,Body,2,10,20
1705,573,2024-09-30,2024-09-01,2024,Completed,True,136,Spain,2023-07-01,30,Product_30,Hair,5,12,60
1706,939,2024-11-29,2024-11-01,2024,Completed,True,293,Germany,2023-11-04,49,Product_49,Makeup,5,76,380
1707,665,2024-11-02,2024-11-01,2024,Completed,True,133,Germany,2023-05-31,13,Product_13,Skin,4,46,184
1708,276,2024-09-25,2024-09-01,2024,Completed,True,46,Italy,2023-12-25,1,Product_1,Body,3,92,276
1709,48,2024-10-14,2024-10-01,2024,Completed,True,50,France,2024-04-04,34,Product_34,Hair,4,38,152
1710,211,2024-01-12,2024-01-01,2024,Completed,True,263,Spain,2024-05-07,15,Product_15,Makeup,5,98,490
1711,855,2024-12-26,2024-12-01,2024,Completed,True,291,Morocco,2023-01-29,44,Product_44,Body,1,42,42
1712,920,2024-11-21,2024-11-01,2024,Returned,False,282,France,2024-05-06,14,Product_14,Body,1,109,109
1713,651,2024-01-25,2024-01-01,2024,Cancelled,False,103,Italy,2023-03-22,29,Product_29,Makeup,2,70,140
1714,622,2024-09-18,2024-09-01,2024,Completed,True,145,France,2023-06-07,34,Product_34,Hair,2,102,204
1715,994,2024-03-08,2024-03-01,2024,Completed,True,224,France,2023-06-12,18,Product_18,Makeup,1,99,99
1716,695,2024-06-25,2024-06-01,2024,Completed,True,277,Germany,2023-07-19,7,Product_7,Hair,5,13,65
1717,540,2024-04-02,2024-04-01,2024,Completed,True,117,Spain,2024-04-15,29,Product_29,Makeup,2,23,46
1718,709,2024-05-04,2024-05-01,2024,Returned,False,282,France,2024-05-06,31,Product_31,Body,4,100,400
1719,191,2024-02-11,2024-02-01,2024,Returned,False,198,Germany,2023-05-02,25,Product_25,Hair,4,42,168
1720,315,2024-12-09,2024-12-01,2024,Completed,True,173,Morocco,2024-04-28,38,Product_38,Makeup,5,31,155
1721,901,2024-09-21,2024-09-01,2024,Completed,True,123,Spain,2024-03-14,14,Product_14,Body,2,57,114
1722,563,2024-11-14,2024-11-01,2024,Cancelled,False,259,Spain,2024-03-15,8,Product_8,Body,4,12,48
1723,661,2024-04-28,2024-04-01,2024,Completed,True,247,Spain,2024-05-12,27,Product_27,Makeup,2,96,192
1724,780,2024-04-17,2024-04-01,2024,Completed,True,229,France,2023-04-05,2,Product_2,Skin,2,94,188
1725,562,2024-06-14,2024-06-01,2024,Completed,True,54,Morocco,2023-06-12,17,Product_17,Hair,4,114,456
1726,900,2024-11-25,2024-11-01,2024,Completed,True,5,Italy,2024-02-05,37,Product_37,Makeup,1,32,32
1727,758,2024-12-15,2024-12-01,2024,Completed,True,13,Italy,2024-02-10,14,Product_14,Body,4,77,308
1728,113,2024-03-15,2024-03-01,2024,Completed,True,231,Morocco,2024-02-18,25,Product_25,Hair,5,30,150
1729,170,2024-03-09,2024-03-01,2024,Cancelled,False,2,Italy,2023-02-10,30,Product_30,Hair,3,110,330
1730,468,2024-08-09,2024-08-01,2024,Returned,False,177,Spain,2024-02-27,29,Product_29,Makeup,4,52,208
1731,678,2024-02-04,2024-02-01,2024,Returned,False,240,France,2024-04-26,20,Product_20,Hair,2,104,208
1732,921,2024-10-28,2024-10-01,2024,Completed,True,299,France,2023-03-02,21,Product_21,Hair,2,94,188
1733,14,2024-11-14,2024-11-01,2024,Completed,True,150,Morocco,2024-02-07,22,Product_22,Makeup,4,35,140
1734,715,2024-01-21,2024-01-01,2024,Completed,True,56,Italy,2023-04-07,35,Product_35,Skin,3,50,150
1735,288,2024-09-28,2024-09-01,2024,Cancelled,False,253,Morocco,2023-05-19,37,Product_37,Makeup,4,108,432
1736,907,2024-04-26,2024-04-01,2024,Returned,False,184,France,2024-04-21,16,Product_16,Makeup,3,47,141
1737,189,2024-03-01,2024-03-01,2024,Returned,False,280,Italy,2023-01-31,50,Product_50,Skin,3,97,291
1738,914,2024-10-19,2024-10-01,2024,Completed,True,173,Morocco,2024-04-28,49,Product_49,Makeup,5,20,100
1739,155,2024-09-23,2024-09-01,2024,Completed,True,152,Morocco,2023-09-15,43,Product_43,Hair,2,114,228
1740,567,2024-03-12,2024-03-01,2024,Completed,True,272,Italy,2023-05-21,17,Product_17,Hair,2,38,76
1741,694,2024-02-19,2024-02-01,2024,Completed,True,51,Germany,2024-02-03,16,Product_16,Makeup,3,69,207
1742,722,2024-03-27,2024-03-01,2024,Completed,True,8,France,2023-04-20,2,Product_2,Skin,2,76,152
1743,888,2024-03-16,2024-03-01,2024,Completed,True,111,France,2023-06-17,4,Product_4,Body,1,74,74
1744,471,2024-07-14,2024-07-01,2024,Completed,True,76,Spain,2023-02-07,21,Product_21,Hair,3,70,210
1745,75,2024-09-17,2024-09-01,2024,Completed,True,65,France,2023-08-31,39,Product_39,Hair,2,28,56
1746,277,2024-05-20,2024-05-01,2024,Completed,True,6,Italy,2023-07-13,34,Product_34,Hair,1,55,55
1747,940,2024-02-21,2024-02-01,2024,Completed,True,127,Italy,2023-01-29,30,Product_30,Hair,5,58,290
1748,645,2024-07-06,2024-07-01,2024,Completed,True,112,Germany,2024-04-25,6,Product_6,Body,2,31,62
1749,343,2024-08-02,2024-08-01,2024,Completed,True,262,Morocco,2023-10-03,17,Product_17,Hair,1,87,87
1750,425,2024-07-09,2024-07-01,2024,Completed,True,285,Spain,2023-07-21,39,Product_39,Hair,4,66,264
1751,571,2024-03-12,2024-03-01,2024,Completed,True,164,Germany,2024-03-25,25,Product_25,Hair,4,23,92
1752,511,2024-03-24,2024-03-01,2024,Completed,True,194,Morocco,2024-03-12,5,Product_5,Skin,1,53,53
1753,857,2024-08-07,2024-08-01,2024,Completed,True,165,Italy,2023-04-05,5,Product_5,Skin,3,25,75
1754,182,2024-06-02,2024-06-01,2024,Completed,True,198,Germany,2023-05-02,20,Product_20,Hair,3,106,318
1755,458,2024-12-09,2024-12-01,2024,Completed,True,13,Italy,2024-02-10,16,Product_16,Makeup,2,86,172
1756,918,2024-02-12,2024-02-01,2024,Completed,True,243,France,2024-03-10,41,Product_41,Skin,4,111,444
1757,851,2024-05-21,2024-05-01,2024,Completed,True,267,Spain,2024-02-15,37,Product_37,Makeup,3,21,63
1758,833,2024-07-11,2024-07-01,2024,Completed,True,13,Italy,2024-02-10,40,Product_40,Hair,3,64,192
1759,64,2024-10-11,2024-10-01,2024,Completed,True,213,France,2024-04-27,9,Product_9,Makeup,4,60,240
1760,839,2024-01-26,2024-01-01,2024,Completed,True,265,Italy,2023-03-29,5,Product_5,Skin,5,111,555
1761,260,2024-07-01,2024-07-01,2024,Completed,True,283,Italy,2023-01-21,42,Product_42,Skin,3,48,144
1762,193,2024-02-08,2024-02-01,2024,Completed,True,144,France,2023-06-22,2,Product_2,Skin,1,42,42
1763,655,2024-05-26,2024-05-01,2024,Completed,True,294,France,2024-01-06,9,Product_9,Makeup,2,42,84
1764,616,2024-04-15,2024-04-01,2024,Completed,True,259,Spain,2024-03-15,43,Product_43,Hair,3,38,114
1765,972,2024-06-21,2024-06-01,2024,Completed,True,179,Spain,2023-05-08,36,Product_36,Skin,3,78,234
1766,406,2024-10-15,2024-10-01,2024,Cancelled,False,96,Germany,2024-01-31,22,Product_22,Makeup,5,79,395
1767,726,2024-01-02,2024-01-01,2024,Completed,True,207,Germany,2023-03-18,22,Product_22,Makeup,1,40,40
1768,754,2024-03-20,2024-03-01,2024,Completed,True,126,France,2023-07-24,22,Product_22,Makeup,2,89,178
1769,943,2024-08-26,2024-08-01,2024,Cancelled,False,287,France,2023-05-11,34,Product_34,Hair,3,40,120
1770,721,2024-08-27,2024-08-01,2024,Returned,False,257,Italy,2023-09-06,29,Product_29,Makeup,2,98,196
1771,93,2024-07-27,2024-07-01,2024,Completed,True,62,Spain,2023-05-07,38,Product_38,Makeup,4,55,220
1772,430,2024-08-22,2024-08-01,2024,Completed,True,35,Spain,2023-11-14,46,Product_46,Makeup,3,106,318
1773,654,2024-05-01,2024-05-01,2024,Completed,True,226,Morocco,2024-03-13,33,Product_33,Hair,3,86,258
1774,434,2024-01-31,2024-01-01,2024,Completed,True,93,Germany,2023-12-24,18,Product_18,Makeup,4,61,244
1775,404,2024-12-12,2024-12-01,2024,Completed,True,250,Germany,2023-06-07,7,Product_7,Hair,5,19,95
1776,434,2024-01-31,2024-01-01,2024,Completed,True,93,Germany,2023-12-24,1,Product_1,Body,3,97,291
1777,112,2024-10-19,2024-10-01,2024,Completed,True,63,Spain,2024-03-03,33,Product_33,Hair,2,83,166
1778,929,2024-10-07,2024-10-01,2024,Completed,True,200,Germany,2023-09-20,1,Product_1,Body,1,50,50
1779,375,2024-01-09,2024-01-01,2024,Completed,True,69,Germany,2024-02-13,24,Product_24,Hair,2,104,208
1780,59,2024-05-30,2024-05-01,2024,Completed,True,271,France,2023-08-29,4,Product_4,Body,5,86,430
1781,43,2024-09-20,2024-09-01,2024,Completed,True,92,Spain,2023-09-01,4,Product_4,Body,1,12,12
1782,207,2024-11-25,2024-11-01,2024,Cancelled,False,267,Spain,2024-02-15,18,Product_18,Makeup,2,68,136
1783,780,2024-04-17,2024-04-01,2024,Completed,True,229,France,2023-04-05,27,Product_27,Makeup,2,61,122
1784,296,2024-01-03,2024-01-01,2024,Completed,True,58,Morocco,2023-12-05,43,Product_43,Hair,4,43,172
1785,118,2024-02-11,2024-02-01,2024,Cancelled,False,231,Morocco,2024-02-18,32,Product_32,Body,5,58,290
1786,532,2024-01-12,2024-01-01,2024,Completed,True,242,France,2023-12-02,33,Product_33,Hair,4,37,148
1787,222,2024-01-25,2024-01-01,2024,Completed,True,233,Spain,2023-05-29,28,Product_28,Hair,1,92,92
1788,166,2024-02-24,2024-02-01,2024,Completed,True,113,Spain,2024-04-12,42,Product_42,Skin,4,96,384
1789,643,2024-05-06,2024-05-01,2024,Completed,True,222,Spain,2023-07-10,41,Product_41,Skin,5,118,590
1790,156,2024-10-22,2024-10-01,2024,Completed,True,160,France,2023-05-11,36,Product_36,Skin,3,105,315
1791,184,2024-07-19,2024-07-01,2024,Completed,True,203,Spain,2024-01-12,6,Product_6,Body,3,22,66
1792,90,2024-08-02,2024-08-01,2024,Returned,False,268,France,2023-05-10,16,Product_16,Makeup,1,106,106
1793,94,2024-04-24,2024-04-01,2024,Completed,True,216,Italy,2023-01-08,34,Product_34,Hair,3,107,321
1794,13,2024-06-14,2024-06-01,2024,Completed,True,131,Spain,2024-04-08,23,Product_23,Body,4,106,424
1795,973,2024-12-27,2024-12-01,2024,Completed,True,182,Italy,2023-05-13,50,Product_50,Skin,1,78,78
1796,834,2024-11-06,2024-11-01,2024,Completed,True,168,France,2024-04-22,42,Product_42,Skin,5,76,380
1797,805,2024-05-05,2024-05-01,2024,Completed,True,62,Spain,2023-05-07,24,Product_24,Hair,1,70,70
1798,945,2024-10-17,2024-10-01,2024,Completed,True,29,Germany,2023-07-26,49,Product_49,Makeup,1,69,69
1799,742,2024-03-06,2024-03-01,2024,Completed,True,274,Morocco,2023-06-12,13,Product_13,Skin,2,80,160
1800,834,2024-11-06,2024-11-01,2024,Completed,True,168,France,2024-04-22,18,Product_18,Makeup,2,33,66
1801,804,2024-10-25,2024-10-01,2024,Completed,True,94,Germany,2024-04-25,13,Product_13,Skin,1,72,72
1802,438,2024-06-06,2024-06-01,2024,Completed,True,196,Spain,2023-09-16,49,Product_49,Makeup,3,95,285
1803,538,2024-02-29,2024-02-01,2024,Completed,True,190,Spain,2023-10-20,37,Product_37,Makeup,2,118,236
1804,587,2024-03-28,2024-03-01,2024,Completed,True,35,Spain,2023-11-14,43,Product_43,Hair,5,70,350
1805,968,2024-03-24,2024-03-01,2024,Completed,True,210,Morocco,2023-05-07,39,Product_39,Hair,4,32,128
1806,876,2024-03-22,2024-03-01,2024,Completed,True,153,Germany,2023-06-13,42,Product_42,Skin,2,39,78
1807,936,2024-05-20,2024-05-01,2024,Completed,True,104,Spain,2023-02-05,17,Product_17,Hair,1,69,69
1808,811,2024-08-10,2024-08-01,2024,Completed,True,133,Germany,2023-05-31,15,Product_15,Makeup,3,27,81
1809,150,2024-06-29,2024-06-01,2024,Returned,False,137,France,2023-04-15,18,Product_18,Makeup,4,105,420
1810,660,2024-08-08,2024-08-01,2024,Completed,True,30,Germany,2023-04-17,23,Product_23,Body,2,65,130
1811,8,2024-06-23,2024-06-01,2024,Cancelled,False,122,Germany,2023-06-10,30,Product_30,Hair,3,62,186
1812,29,2024-11-16,2024-11-01,2024,Completed,True,175,Italy,2023-01-24,34,Product_34,Hair,3,16,48
1813,296,2024-01-03,2024-01-01,2024,Completed,True,58,Morocco,2023-12-05,4,Product_4,Body,3,106,318
1814,986,2024-06-18,2024-06-01,2024,Completed,True,84,France,2023-04-06,3,Product_3,Hair,1,78,78
1815,926,2024-10-29,2024-10-01,2024,Completed,True,254,Germany,2023-08-09,7,Product_7,Hair,5,101,505
1816,721,2024-08-27,2024-08-01,2024,Returned,False,257,Italy,2023-09-06,18,Product_18,Makeup,3,81,243
1817,640,2024-11-09,2024-11-01,2024,Returned,False,268,France,2023-05-10,42,Product_42,Skin,4,88,352
1818,340,2024-09-17,2024-09-01,2024,Completed,True,5,Italy,2024-02-05,7,Product_7,Hair,2,61,122
1819,628,2024-09-20,2024-09-01,2024,Completed,True,205,Morocco,2023-10-24,40,Product_40,Hair,4,13,52
1820,439,2024-02-08,2024-02-01,2024,Completed,True,114,Morocco,2023-05-22,6,Product_6,Body,1,43,43
1821,144,2024-03-04,2024-03-01,2024,Completed,True,283,Italy,2023-01-21,22,Product_22,Makeup,1,78,78
1822,942,2024-06-05,2024-06-01,2024,Completed,True,92,Spain,2023-09-01,1,Product_1,Body,4,42,168
1823,830,2024-03-26,2024-03-01,2024,Completed,True,261,Morocco,2023-10-31,4,Product_4,Body,5,78,390
1824,747,2024-10-27,2024-10-01,2024,Completed,True,119,Spain,2024-01-11,46,Product_46,Makeup,1,47,47
1825,519,2024-10-29,2024-10-01,2024,Completed,True,292,Germany,2023-12-27,49,Product_49,Makeup,1,107,107
1826,976,2024-04-27,2024-04-01,2024,Completed,True,180,Italy,2023-04-03,50,Product_50,Skin,4,35,140
1827,45,2024-04-05,2024-04-01,2024,Cancelled,False,35,Spain,2023-11-14,43,Product_43,Hair,1,10,10
1828,955,2024-12-10,2024-12-01,2024,Completed,True,55,Italy,2024-05-04,29,Product_29,Makeup,5,13,65
1829,239,2024-04-26,2024-04-01,2024,Completed,True,153,Germany,2023-06-13,21,Product_21,Hair,5,48,240
1830,952,2024-03-17,2024-03-01,2024,Completed,True,110,Spain,2023-04-21,26,Product_26,Makeup,5,63,315
1831,944,2024-06-04,2024-06-01,2024,Cancelled,False,51,Germany,2024-02-03,14,Product_14,Body,2,99,198
1832,155,2024-09-23,2024-09-01,2024,Completed,True,152,Morocco,2023-09-15,9,Product_9,Makeup,5,42,210
1833,181,2024-07-19,2024-07-01,2024,Completed,True,160,France,2023-05-11,47,Product_47,Hair,5,42,210
1834,215,2024-12-04,2024-12-01,2024,Completed,True,60,Spain,2024-04-15,12,Product_12,Skin,2,81,162
1835,88,2024-04-29,2024-04-01,2024,Completed,True,135,France,2023-09-23,42,Product_42,Skin,3,29,87
1836,256,2024-04-07,2024-04-01,2024,Completed,True,38,Morocco,2024-05-03,6,Product_6,Body,1,25,25
1837,511,2024-03-24,2024-03-01,2024,Completed,True,194,Morocco,2024-03-12,20,Product_20,Hair,5,30,150
1838,73,2024-04-28,2024-04-01,2024,Returned,False,157,Morocco,2024-04-07,24,Product_24,Hair,1,54,54
1839,931,2024-07-21,2024-07-01,2024,Completed,True,218,Germany,2024-04-12,27,Product_27,Makeup,4,99,396
1840,179,2024-12-02,2024-12-01,2024,Completed,True,172,Italy,2023-07-18,38,Product_38,Makeup,1,96,96
1841,212,2024-11-13,2024-11-01,2024,Completed,True,252,Germany,2023-12-28,8,Product_8,Body,2,91,182
1842,805,2024-05-05,2024-05-01,2024,Completed,True,62,Spain,2023-05-07,1,Product_1,Body,1,71,71
1843,234,2024-10-08,2024-10-01,2024,Completed,True,104,Spain,2023-02-05,49,Product_49,Makeup,1,40,40
1844,465,2024-11-14,2024-11-01,2024,Completed,True,217,Italy,2023-02-01,49,Product_49,Makeup,1,51,51
1845,751,2024-07-13,2024-07-01,2024,Completed,True,273,Germany,2023-08-16,24,Product_24,Hair,3,21,63
1846,223,2024-03-29,2024-03-01,2024,Completed,True,99,Italy,2024-01-09,47,Product_47,Hair,3,74,222
1847,631,2024-12-13,2024-12-01,2024,Completed,True,34,Morocco,2024-01-03,7,Product_7,Hair,4,115,460
1848,825,2024-09-20,2024-09-01,2024,Completed,True,139,France,2024-03-08,19,Product_19,Makeup,2,82,164
1849,264,2024-01-04,2024-01-01,2024,Completed,True,286,Spain,2023-10-06,22,Product_22,Makeup,1,12,12
1850,207,2024-11-25,2024-11-01,2024,Cancelled,False,267,Spain,2024-02-15,35,Product_35,Skin,1,99,99
1851,607,2024-06-02,2024-06-01,2024,Completed,True,217,Italy,2023-02-01,30,Product_30,Hair,1,18,18
1852,885,2024-07-31,2024-07-01,2024,Completed,True,179,Spain,2023-05-08,29,Product_29,Makeup,1,115,115
1853,734,2024-08-18,2024-08-01,2024,Completed,True,154,Morocco,2023-05-27,22,Product_22,Makeup,3,60,180
1854,366,2024-04-14,2024-04-01,2024,Completed,True,96,Germany,2024-01-31,11,Product_11,Makeup,4,25,100
1855,276,2024-09-25,2024-09-01,2024,Completed,True,46,Italy,2023-12-25,20,Product_20,Hair,5,97,485
1856,380,2024-05-03,2024-05-01,2024,Completed,True,144,France,2023-06-22,29,Product_29,Makeup,2,87,174
1857,743,2024-06-11,2024-06-01,2024,Completed,True,294,France,2024-01-06,41,Product_41,Skin,1,12,12
1858,309,2024-10-19,2024-10-01,2024,Completed,True,39,Morocco,2024-02-15,42,Product_42,Skin,4,107,428
1859,631,2024-12-13,2024-12-01,2024,Completed,True,34,Morocco,2024-01-03,34,Product_34,Hair,5,106,530
1860,268,2024-01-16,2024-01-01,2024,Completed,True,4,France,2023-01-03,1,Product_1,Body,4,33,132
1861,945,2024-10-17,2024-10-01,2024,Completed,True,29,Germany,2023-07-26,31,Product_31,Body,3,82,246
1862,785,2024-01-20,2024-01-01,2024,Completed,True,70,Morocco,2023-08-03,30,Product_30,Hair,5,22,110
1863,64,2024-10-11,2024-10-01,2024,Completed,True,213,France,2024-04-27,48,Product_48,Hair,4,11,44
1864,810,2024-02-08,2024-02-01,2024,Completed,True,300,Spain,2023-05-05,18,Product_18,Makeup,3,80,240
1865,350,2024-06-26,2024-06-01,2024,Completed,True,147,Germany,2024-05-08,17,Product_17,Hair,4,30,120
1866,925,2024-12-01,2024-12-01,2024,Completed,True,11,Morocco,2024-01-03,38,Product_38,Makeup,4,28,112
1867,915,2024-10-26,2024-10-01,2024,Completed,True,130,Spain,2023-07-26,14,Product_14,Body,5,98,490
1868,494,2024-02-02,2024-02-01,2024,Completed,True,215,Germany,2024-02-15,23,Product_23,Body,3,56,168
1869,523,2024-05-26,2024-05-01,2024,Cancelled,False,182,Italy,2023-05-13,25,Product_25,Hair,1,31,31
1870,98,2024-02-09,2024-02-01,2024,Completed,True,214,Italy,2023-04-01,15,Product_15,Makeup,2,84,168
1871,946,2024-05-15,2024-05-01,2024,Cancelled,False,296,France,2023-06-11,46,Product_46,Makeup,5,42,210
1872,71,2024-08-21,2024-08-01,2024,Completed,True,188,Germany,2023-07-30,22,Product_22,Makeup,3,41,123
1873,364,2024-04-07,2024-04-01,2024,Completed,True,239,Spain,2023-07-13,3,Product_3,Hair,4,73,292
1874,570,2024-07-27,2024-07-01,2024,Cancelled,False,122,Germany,2023-06-10,19,Product_19,Makeup,3,94,282
1875,802,2024-08-03,2024-08-01,2024,Completed,True,134,Italy,2023-08-28,44,Product_44,Body,2,48,96
1876,763,2024-09-20,2024-09-01,2024,Completed,True,233,Spain,2023-05-29,34,Product_34,Hair,2,93,186
1877,276,2024-09-25,2024-09-01,2024,Completed,True,46,Italy,2023-12-25,35,Product_35,Skin,1,81,81
1878,50,2024-10-28,2024-10-01,2024,Completed,True,54,Morocco,2023-06-12,50,Product_50,Skin,1,51,51
1879,358,2024-09-25,2024-09-01,2024,Completed,True,279,Spain,2024-01-25,1,Product_1,Body,2,110,220
1880,728,2024-11-20,2024-11-01,2024,Completed,True,56,Italy,2023-04-07,21,Product_21,Hair,5,18,90
1881,906,2024-10-30,2024-10-01,2024,Returned,False,216,Italy,2023-01-08,29,Product_29,Makeup,5,34,170
1882,928,2024-05-03,2024-05-01,2024,Completed,True,134,Italy,2023-08-28,6,Product_6,Body,4,98,392
1883,564,2024-08-01,2024-08-01,2024,Completed,True,144,France,2023-06-22,37,Product_37,Makeup,1,106,106
1884,783,2024-05-09,2024-05-01,2024,Completed,True,277,Germany,2023-07-19,1,Product_1,Body,4,11,44
1885,485,2024-07-10,2024-07-01,2024,Completed,True,39,Morocco,2024-02-15,1,Product_1,Body,1,28,28
1886,84,2024-10-06,2024-10-01,2024,Completed,True,261,Morocco,2023-10-31,27,Product_27,Makeup,2,119,238
1887,899,2024-04-19,2024-04-01,2024,Completed,True,10,Italy,2024-01-05,21,Product_21,Hair,5,29,145
1888,805,2024-05-05,2024-05-01,2024,Completed,True,62,Spain,2023-05-07,16,Product_16,Makeup,5,115,575
1889,638,2024-03-24,2024-03-01,2024,Completed,True,118,Morocco,2023-04-19,44,Product_44,Body,2,114,228
1890,808,2024-10-11,2024-10-01,2024,Completed,True,26,Spain,2023-07-24,40,Product_40,Hair,4,115,460
1891,584,2024-09-23,2024-09-01,2024,Cancelled,False,220,France,2024-01-29,26,Product_26,Makeup,4,102,408
1892,296,2024-01-03,2024-01-01,2024,Completed,True,58,Morocco,2023-12-05,16,Product_16,Makeup,3,79,237
1893,236,2024-09-06,2024-09-01,2024,Completed,True,227,Spain,2023-09-21,28,Product_28,Hair,1,26,26
1894,56,2024-11-25,2024-11-01,2024,Completed,True,162,Italy,2023-09-12,1,Product_1,Body,4,98,392
1895,919,2024-12-08,2024-12-01,2024,Completed,True,292,Germany,2023-12-27,36,Product_36,Skin,2,111,222
1896,360,2024-03-29,2024-03-01,2024,Completed,True,129,France,2024-03-29,10,Product_10,Hair,4,77,308
1897,907,2024-04-26,2024-04-01,2024,Returned,False,184,France,2024-04-21,43,Product_43,Hair,5,103,515
1898,110,2024-04-07,2024-04-01,2024,Completed,True,42,Italy,2024-01-07,17,Product_17,Hair,1,93,93
1899,192,2024-01-25,2024-01-01,2024,Completed,True,240,France,2024-04-26,23,Product_23,Body,3,12,36
1900,904,2024-10-08,2024-10-01,2024,Completed,True,159,France,2023-02-07,7,Product_7,Hair,1,96,96
1901,93,2024-07-27,2024-07-01,2024,Completed,True,62,Spain,2023-05-07,44,Product_44,Body,5,60,300
1902,862,2024-06-17,2024-06-01,2024,Returned,False,89,Morocco,2024-03-04,7,Product_7,Hair,5,91,455
1903,568,2024-03-04,2024-03-01,2024,Completed,True,156,Italy,2023-06-03,44,Product_44,Body,5,35,175
1904,60,2024-03-25,2024-03-01,2024,Completed,True,215,Germany,2024-02-15,15,Product_15,Makeup,5,65,325
1905,650,2024-01-12,2024-01-01,2024,Completed,True,75,Spain,2023-07-03,34,Product_34,Hair,2,109,218
1906,39,2024-03-07,2024-03-01,2024,Completed,True,14,Italy,2023-01-04,46,Product_46,Makeup,3,73,219
1907,540,2024-04-02,2024-04-01,2024,Completed,True,117,Spain,2024-04-15,45,Product_45,Body,5,17,85
1908,49,2024-04-29,2024-04-01,2024,Completed,True,2,Italy,2023-02-10,4,Product_4,Body,5,90,450
1909,420,2024-02-14,2024-02-01,2024,Completed,True,268,France,2023-05-10,14,Product_14,Body,4,104,416
1910,637,2024-01-07,2024-01-01,2024,Completed,True,162,Italy,2023-09-12,14,Product_14,Body,3,46,138
1911,13,2024-06-14,2024-06-01,2024,Completed,True,131,Spain,2024-04-08,16,Product_16,Makeup,1,118,118
1912,992,2024-12-12,2024-12-01,2024,Completed,True,49,Spain,2024-01-28,7,Product_7,Hair,3,106,318
1913,36,2024-09-05,2024-09-01,2024,Completed,True,167,Morocco,2023-11-23,32,Product_32,Body,3,36,108
1914,101,2024-12-24,2024-12-01,2024,Completed,True,101,Germany,2024-01-10,19,Product_19,Makeup,3,54,162
1915,794,2024-11-20,2024-11-01,2024,Completed,True,40,Morocco,2023-09-04,2,Product_2,Skin,5,13,65
1916,86,2024-07-20,2024-07-01,2024,Completed,True,41,Spain,2023-06-12,10,Product_10,Hair,5,95,475
1917,516,2024-08-23,2024-08-01,2024,Completed,True,145,France,2023-06-07,50,Product_50,Skin,2,99,198
1918,223,2024-03-29,2024-03-01,2024,Completed,True,99,Italy,2024-01-09,17,Product_17,Hair,1,105,105
1919,338,2024-09-18,2024-09-01,2024,Completed,True,60,Spain,2024-04-15,37,Product_37,Makeup,4,97,388
1920,960,2024-03-14,2024-03-01,2024,Completed,True,154,Morocco,2023-05-27,12,Product_12,Skin,3,119,357
1921,166,2024-02-24,2024-02-01,2024,Completed,True,113,Spain,2024-04-12,6,Product_6,Body,1,108,108
1922,383,2024-09-07,2024-09-01,2024,Completed,True,285,Spain,2023-07-21,22,Product_22,Makeup,1,46,46
1923,856,2024-03-30,2024-03-01,2024,Completed,True,213,France,2024-04-27,32,Product_32,Body,2,105,210
1924,895,2024-10-17,2024-10-01,2024,Returned,False,289,Italy,2023-05-28,41,Product_41,Skin,4,80,320
1925,376,2024-02-09,2024-02-01,2024,Completed,True,278,Spain,2024-03-25,20,Product_20,Hair,3,42,126
1926,471,2024-07-14,2024-07-01,2024,Completed,True,76,Spain,2023-02-07,1,Product_1,Body,4,40,160
1927,790,2024-02-04,2024-02-01,2024,Completed,True,137,France,2023-04-15,47,Product_47,Hair,2,64,128
1928,642,2024-01-03,2024-01-01,2024,Cancelled,False,236,Morocco,2023-01-02,6,Product_6,Body,5,21,105
1929,31,2024-09-03,2024-09-01,2024,Completed,True,55,Italy,2024-05-04,19,Product_19,Makeup,1,20,20
1930,375,2024-01-09,2024-01-01,2024,Completed,True,69,Germany,2024-02-13,18,Product_18,Makeup,3,97,291
1931,11,2024-04-23,2024-04-01,2024,Completed,True,100,Italy,2024-02-08,6,Product_6,Body,5,81,405
1932,988,2024-05-31,2024-05-01,2024,Returned,False,148,Morocco,2024-04-02,45,Product_45,Body,2,41,82
1933,302,2024-06-01,2024-06-01,2024,Completed,True,127,Italy,2023-01-29,33,Product_33,Hair,4,66,264
1934,96,2024-01-14,2024-01-01,2024,Completed,True,99,Italy,2024-01-09,23,Product_23,Body,1,47,47
1935,190,2024-04-13,2024-04-01,2024,Cancelled,False,98,Morocco,2024-02-20,23,Product_23,Body,3,69,207
1936,453,2024-01-17,2024-01-01,2024,Completed,True,190,Spain,2023-10-20,26,Product_26,Makeup,5,95,475
1937,192,2024-01-25,2024-01-01,2024,Completed,True,240,France,2024-04-26,13,Product_13,Skin,5,107,535
1938,486,2024-06-23,2024-06-01,2024,Completed,True,109,Italy,2023-09-02,7,Product_7,Hair,1,28,28
1939,266,2024-07-28,2024-07-01,2024,Completed,True,284,Morocco,2023-08-22,15,Product_15,Makeup,4,93,372
1940,424,2024-12-21,2024-12-01,2024,Completed,True,44,France,2023-02-04,44,Product_44,Body,2,65,130
1941,128,2024-12-27,2024-12-01,2024,Completed,True,86,Morocco,2024-02-17,27,Product_27,Makeup,4,23,92
1942,238,2024-11-30,2024-11-01,2024,Completed,True,99,Italy,2024-01-09,26,Product_26,Makeup,4,42,168
1943,920,2024-11-21,2024-11-01,2024,Returned,False,282,France,2024-05-06,33,Product_33,Hair,4,19,76
1944,355,2024-01-03,2024-01-01,2024,Completed,True,58,Morocco,2023-12-05,15,Product_15,Makeup,1,89,89
1945,940,2024-02-21,2024-02-01,2024,Completed,True,127,Italy,2023-01-29,36,Product_36,Skin,1,73,73
1946,112,2024-10-19,2024-10-01,2024,Completed,True,63,Spain,2024-03-03,45,Product_45,Body,2,73,146
1947,828,2024-12-23,2024-12-01,2024,Completed,True,178,France,2023-11-20,27,Product_27,Makeup,4,71,284
1948,446,2024-10-21,2024-10-01,2024,Completed,True,227,Spain,2023-09-21,5,Product_5,Skin,1,77,77
1949,343,2024-08-02,2024-08-01,2024,Completed,True,262,Morocco,2023-10-03,2,Product_2,Skin,2,100,200
1950,145,2024-05-09,2024-05-01,2024,Completed,True,121,Germany,2024-01-25,33,Product_33,Hair,2,101,202
1951,65,2024-07-06,2024-07-01,2024,Completed,True,208,Morocco,2024-04-07,16,Product_16,Makeup,4,52,208
1952,247,2024-08-10,2024-08-01,2024,Completed,True,277,Germany,2023-07-19,23,Product_23,Body,3,89,267
1953,735,2024-03-24,2024-03-01,2024,Cancelled,False,14,Italy,2023-01-04,38,Product_38,Makeup,4,68,272
1954,991,2024-06-02,2024-06-01,2024,Completed,True,189,Germany,2023-06-03,16,Product_16,Makeup,3,61,183
1955,490,2024-09-07,2024-09-01,2024,Completed,True,223,Spain,2023-12-15,14,Product_14,Body,2,106,212
1956,825,2024-09-20,2024-09-01,2024,Completed,True,139,France,2024-03-08,29,Product_29,Makeup,1,28,28
1957,439,2024-02-08,2024-02-01,2024,Completed,True,114,Morocco,2023-05-22,26,Product_26,Makeup,5,30,150
1958,106,2024-01-04,2024-01-01,2024,Cancelled,False,255,France,2023-09-30,35,Product_35,Skin,2,31,62
1959,181,2024-07-19,2024-07-01,2024,Completed,True,160,France,2023-05-11,15,Product_15,Makeup,1,18,18
1960,184,2024-07-19,2024-07-01,2024,Completed,True,203,Spain,2024-01-12,3,Product_3,Hair,2,18,36
1961,226,2024-02-28,2024-02-01,2024,Completed,True,131,Spain,2024-04-08,23,Product_23,Body,4,82,328
1962,777,2024-11-07,2024-11-01,2024,Completed,True,180,Italy,2023-04-03,29,Product_29,Makeup,3,36,108
1963,790,2024-02-04,2024-02-01,2024,Completed,True,137,France,2023-04-15,34,Product_34,Hair,2,26,52
1964,909,2024-06-02,2024-06-01,2024,Completed,True,157,Morocco,2024-04-07,33,Product_33,Hair,1,53,53
1965,89,2024-02-28,2024-02-01,2024,Completed,True,201,France,2024-01-16,41,Product_41,Skin,4,54,216
1966,688,2024-10-19,2024-10-01,2024,Cancelled,False,195,Spain,2023-06-07,41,Product_41,Skin,5,17,85
1967,530,2024-10-07,2024-10-01,2024,Completed,True,173,Morocco,2024-04-28,23,Product_23,Body,4,89,356
1968,371,2024-07-13,2024-07-01,2024,Completed,True,237,Italy,2023-06-27,7,Product_7,Hair,3,27,81
1969,972,2024-06-21,2024-06-01,2024,Completed,True,179,Spain,2023-05-08,3,Product_3,Hair,4,42,168
1970,936,2024-05-20,2024-05-01,2024,Completed,True,104,Spain,2023-02-05,32,Product_32,Body,5,10,50
1971,913,2024-10-30,2024-10-01,2024,Completed,True,47,Italy,2024-01-16,31,Product_31,Body,1,85,85
1972,399,2024-11-18,2024-11-01,2024,Completed,True,246,Germany,2023-09-06,18,Product_18,Makeup,2,15,30
1973,106,2024-01-04,2024-01-01,2024,Cancelled,False,255,France,2023-09-30,43,Product_43,Hair,3,50,150
1974,271,2024-08-14,2024-08-01,2024,Completed,True,49,Spain,2024-01-28,7,Product_7,Hair,5,64,320
1975,975,2024-05-20,2024-05-01,2024,Completed,True,25,Italy,2023-01-31,41,Product_41,Skin,3,14,42
1976,831,2024-06-23,2024-06-01,2024,Completed,True,138,Morocco,2024-02-29,1,Product_1,Body,4,68,272
1977,503,2024-02-08,2024-02-01,2024,Completed,True,230,Morocco,2023-02-10,14,Product_14,Body,3,89,267
1978,679,2024-04-02,2024-04-01,2024,Cancelled,False,111,France,2023-06-17,32,Product_32,Body,5,27,135
1979,525,2024-02-27,2024-02-01,2024,Completed,True,91,Italy,2023-12-15,6,Product_6,Body,2,58,116
1980,849,2024-05-26,2024-05-01,2024,Completed,True,296,France,2023-06-11,39,Product_39,Hair,2,91,182
1981,32,2024-11-18,2024-11-01,2024,Completed,True,244,Italy,2023-07-15,10,Product_10,Hair,3,74,222
1982,393,2024-10-27,2024-10-01,2024,Completed,True,289,Italy,2023-05-28,7,Product_7,Hair,1,92,92
1983,40,2024-02-20,2024-02-01,2024,Completed,True,242,France,2023-12-02,26,Product_26,Makeup,3,63,189
1984,660,2024-08-08,2024-08-01,2024,Completed,True,30,Germany,2023-04-17,34,Product_34,Hair,4,70,280
1985,218,2024-03-21,2024-03-01,2024,Completed,True,140,Morocco,2024-02-05,30,Product_30,Hair,2,17,34
1986,731,2024-11-11,2024-11-01,2024,Completed,True,28,Morocco,2024-02-04,36,Product_36,Skin,2,12,24
1987,981,2024-01-09,2024-01-01,2024,Completed,True,63,Spain,2024-03-03,21,Product_21,Hair,2,34,68
1988,82,2024-12-07,2024-12-01,2024,Cancelled,False,163,Spain,2023-07-27,17,Product_17,Hair,1,78,78
1989,845,2024-12-10,2024-12-01,2024,Completed,True,137,France,2023-04-15,33,Product_33,Hair,1,64,64
1990,720,2024-04-09,2024-04-01,2024,Completed,True,292,Germany,2023-12-27,10,Product_10,Hair,5,49,245
1991,201,2024-01-12,2024-01-01,2024,Completed,True,147,Germany,2024-05-08,47,Product_47,Hair,3,92,276
1992,447,2024-08-11,2024-08-01,2024,Returned,False,177,Spain,2024-02-27,42,Product_42,Skin,3,91,273
1993,844,2024-11-23,2024-11-01,2024,Completed,True,236,Morocco,2023-01-02,12,Product_12,Skin,4,59,236
1994,428,2024-01-07,2024-01-01,2024,Completed,True,253,Morocco,2023-05-19,16,Product_16,Makeup,2,104,208
1995,38,2024-08-16,2024-08-01,2024,Completed,True,89,Morocco,2024-03-04,41,Product_41,Skin,1,42,42
1996,211,2024-01-12,2024-01-01,2024,Completed,True,263,Spain,2024-05-07,32,Product_32,Body,4,27,108
1997,444,2024-03-17,2024-03-01,2024,Completed,True,164,Germany,2024-03-25,15,Product_15,Makeup,4,66,264
1998,327,2024-12-14,2024-12-01,2024,Cancelled,False,190,Spain,2023-10-20,27,Product_27,Makeup,1,112,112
1999,761,2024-05-12,2024-05-01,2024,Cancelled,False,68,Morocco,2023-12-02,28,Product_28,Hair,3,25,75
2000,227,2024-12-30,2024-12-01,2024,Completed,True,152,Morocco,2023-09-15,17,Product_17,Hair,2,89,178
